"","X.https...finance.yahoo.com.quote.LBC.","X.http...www.lutherburbanksavings.com."
"1","https://finance.yahoo.com/quote/LBC","http://www.lutherburbanksavings.com"
"2","https://finance.yahoo.com/quote/LYFT","http://www.lyft.com"
"3","https://finance.yahoo.com/quote/MBTF","http://www.mbandt.com"
"4","https://finance.yahoo.com/quote/MCBC","http://www.macatawabank.com"
"5","https://finance.yahoo.com/quote/MFNC","http://www.bankmbank.com"
"6","https://finance.yahoo.com/quote/MTSI","http://www.macom.com"
"7","https://finance.yahoo.com/quote/MGNX","http://www.macrogenics.com"
"8","https://finance.yahoo.com/quote/MDGL","http://www.madrigalpharma.com"
"9","https://finance.yahoo.com/quote/MAGS","http://magalsecurity.com"
"10","https://finance.yahoo.com/quote/MGLN","http://www.magellanhealth.com"
"11","https://finance.yahoo.com/quote/MGTA","http://www.magentatx.com"
"12","https://finance.yahoo.com/quote/MGIC","http://www.magicsoftware.com"
"13","https://finance.yahoo.com/quote/MGYR","http://www.magbank.com"
"14","https://finance.yahoo.com/quote/MHLD","http://www.maiden.bm"
"16","https://finance.yahoo.com/quote/MJCO","http://www.majesco.com"
"18","https://finance.yahoo.com/quote/MBUU","http://www.malibuboats.com"
"19","https://finance.yahoo.com/quote/MLVF","http://ir.malvernbancorp.com"
"20","https://finance.yahoo.com/quote/MAMS","http://www.mamsoftware.com"
"21","https://finance.yahoo.com/quote/TUSK","http://www.mammothenergy.com"
"22","https://finance.yahoo.com/quote/MANH","http://www.manh.com"
"23","https://finance.yahoo.com/quote/LOAN","http://www.manhattanbridgecapital.com"
"24","https://finance.yahoo.com/quote/MNTX","http://www.manitexinternational.com"
"25","https://finance.yahoo.com/quote/MTEX","http://www.mannatech.com"
"26","https://finance.yahoo.com/quote/MNKD","http://www.mannkindcorp.com"
"27","https://finance.yahoo.com/quote/MANT","http://www.mantech.com"
"28","https://finance.yahoo.com/quote/MARA","http://www.marathonpg.com"
"29","https://finance.yahoo.com/quote/MCHX","http://www.marchex.com"
"30","https://finance.yahoo.com/quote/MRIN","http://www.marinsoftware.com"
"31","https://finance.yahoo.com/quote/MARPS","http://www.marps-marine.com"
"32","https://finance.yahoo.com/quote/MRNS","http://www.marinuspharma.com"
"33","https://finance.yahoo.com/quote/MRKR","http://www.markertherapeutics.com"
"34","https://finance.yahoo.com/quote/MKTX","http://www.marketaxess.com"
"35","https://finance.yahoo.com/quote/MRLN","http://marlincapitalsolutions.com"
"36","https://finance.yahoo.com/quote/MAR","http://www.marriott.com"
"37","https://finance.yahoo.com/quote/MBII","http://www.marronebioinnovations.com"
"38","https://finance.yahoo.com/quote/MRTN","http://www.marten.com"
"39","https://finance.yahoo.com/quote/MMLP","http://www.martinmidstream.com"
"40","https://finance.yahoo.com/quote/MRVL","http://www.marvell.com"
"41","https://finance.yahoo.com/quote/MASI","http://www.masimo.com"
"42","https://finance.yahoo.com/quote/MCFT","http://www.mastercraft.com"
"43","https://finance.yahoo.com/quote/MTCH","http://www.mtch.com"
"44","https://finance.yahoo.com/quote/MTLS","http://www.materialise.com"
"45","https://finance.yahoo.com/quote/MTRX","http://www.matrixservicecompany.com"
"46","https://finance.yahoo.com/quote/MAT","http://corporate.mattel.com"
"47","https://finance.yahoo.com/quote/MATW","http://www.matw.com"
"48","https://finance.yahoo.com/quote/MXIM","http://www.maximintegrated.com"
"49","https://finance.yahoo.com/quote/MGRC","http://www.mgrc.com"
"50","https://finance.yahoo.com/quote/MDCA","http://www.mdc-partners.com"
"51","https://finance.yahoo.com/quote/MDJH","http://www.mdjhchina.com"
"53","https://finance.yahoo.com/quote/MFIN","http://www.medallion.com"
"54","https://finance.yahoo.com/quote/MFINL","http://www.medallion.com"
"55","https://finance.yahoo.com/quote/MNOV","http://medicinova.com"
"56","https://finance.yahoo.com/quote/MDSO","http://www.medidata.com"
"57","https://finance.yahoo.com/quote/MDGS","http://www.medigus.com"
"59","https://finance.yahoo.com/quote/MDWD","http://www.mediwound.com"
"60","https://finance.yahoo.com/quote/MEDP","http://www.medpace.com"
"61","https://finance.yahoo.com/quote/MEIP","http://www.meipharma.com"
"62","https://finance.yahoo.com/quote/MGTX","http://www.meiragtx.com"
"63","https://finance.yahoo.com/quote/MLCO","http://www.melco-resorts.com"
"64","https://finance.yahoo.com/quote/MLNT","http://www.melinta.com"
"65","https://finance.yahoo.com/quote/MLNX","http://www.mellanox.com"
"66","https://finance.yahoo.com/quote/MELR","http://www.melrosebank.com"
"67","https://finance.yahoo.com/quote/MNLO","http://www.menlotherapeutics.com"
"68","https://finance.yahoo.com/quote/MTSL","http://www.mtsint.com"
"69","https://finance.yahoo.com/quote/MELI","http://www.mercadolibre.com"
"70","https://finance.yahoo.com/quote/AMTB","http://www.mercantilbank.com"
"71","https://finance.yahoo.com/quote/AMTBB","http://www.mercantilbank.com"
"72","https://finance.yahoo.com/quote/MBWM","http://www.mercbank.com"
"73","https://finance.yahoo.com/quote/MERC","http://www.mercerint.com"
"74","https://finance.yahoo.com/quote/MBIN","http://www.merchantsbankofindiana.com"
"75","https://finance.yahoo.com/quote/MBINP","http://www.merchantsbankofindiana.com"
"76","https://finance.yahoo.com/quote/MRCY","http://www.mrcy.com"
"77","https://finance.yahoo.com/quote/MREO","http://www.mereobiopharma.com"
"78","https://finance.yahoo.com/quote/EBSB","http://www.ebsb.com"
"79","https://finance.yahoo.com/quote/VIVO","http://www.meridianbioscience.com"
"80","https://finance.yahoo.com/quote/MRBK","http://www.meridianbanker.com"
"81","https://finance.yahoo.com/quote/MMSI","http://www.merit.com"
"82","https://finance.yahoo.com/quote/MACK","http://www.merrimack.com"
"83","https://finance.yahoo.com/quote/MRSN","http://www.mersana.com"
"84","https://finance.yahoo.com/quote/MRUS","http://www.merus.nl"
"85","https://finance.yahoo.com/quote/MESA","http://www.mesa-air.com"
"86","https://finance.yahoo.com/quote/MLAB","http://www.mesalabs.com"
"87","https://finance.yahoo.com/quote/MESO","http://www.mesoblast.com"
"88","https://finance.yahoo.com/quote/CASH","http://www.metafinancialgroup.com"
"89","https://finance.yahoo.com/quote/MEOH","http://www.methanex.com"
"90","https://finance.yahoo.com/quote/MGEE","http://www.mgeenergy.com"
"91","https://finance.yahoo.com/quote/MGPI","http://www.mgpingredients.com"
"92","https://finance.yahoo.com/quote/MBOT","http://www.microbotmedical.com"
"93","https://finance.yahoo.com/quote/MCHP","http://www.microchip.com"
"94","https://finance.yahoo.com/quote/MU","http://www.micron.com"
"95","https://finance.yahoo.com/quote/MSFT","http://www.microsoft.com"
"96","https://finance.yahoo.com/quote/MSTR","http://www.microstrategy.com"
"97","https://finance.yahoo.com/quote/MVIS","http://www.microvision.com"
"98","https://finance.yahoo.com/quote/MICT","http://www.micronet-enertec.com"
"99","https://finance.yahoo.com/quote/MPB","http://www.midpennbank.com"
"100","https://finance.yahoo.com/quote/MTP","http://www.midatechpharma.com"
"101","https://finance.yahoo.com/quote/MCEP","http://www.midconenergypartners.com"
"102","https://finance.yahoo.com/quote/MBCN","http://www.middlefieldbank.bank"
"103","https://finance.yahoo.com/quote/MSEX","http://www.middlesexwater.com"
"104","https://finance.yahoo.com/quote/MSBI","http://www.midlandsb.com"
"105","https://finance.yahoo.com/quote/MSVB","http://www.mid-southern.com"
"106","https://finance.yahoo.com/quote/MOFG","http://www.midwestone.com"
"107","https://finance.yahoo.com/quote/MIST","http://www.milestonepharma.com"
"108","https://finance.yahoo.com/quote/MLND","http://www.millendo.com"
"109","https://finance.yahoo.com/quote/TIGO","http://www.millicom.com"
"110","https://finance.yahoo.com/quote/MIME","http://www.mimecast.com"
"111","https://finance.yahoo.com/quote/MNDO","http://www.mindcti.com"
"112","https://finance.yahoo.com/quote/NERV","http://www.minervaneurosciences.com"
"113","https://finance.yahoo.com/quote/MGEN","http://www.miragen.com"
"114","https://finance.yahoo.com/quote/MRTX","http://www.mirati.com"
"115","https://finance.yahoo.com/quote/MSON","http://www.misonix.com"
"116","https://finance.yahoo.com/quote/MIND","http://www.mitchamindustries.com"
"117","https://finance.yahoo.com/quote/MINDP","http://www.mitchamindustries.com"
"118","https://finance.yahoo.com/quote/MITK","http://www.miteksystems.com"
"119","https://finance.yahoo.com/quote/MKSI","http://www.mksinst.com"
"120","https://finance.yahoo.com/quote/MMAC","http://mmacapitalholdings.com"
"121","https://finance.yahoo.com/quote/MTC","http://www.51mm.com"
"122","https://finance.yahoo.com/quote/MINI","http://www.mobilemini.com"
"123","https://finance.yahoo.com/quote/MOBL","http://www.mobileiron.com"
"128","https://finance.yahoo.com/quote/MRNA","http://www.modernatx.com"
"129","https://finance.yahoo.com/quote/MOGO","http://www.mogo.ca"
"130","https://finance.yahoo.com/quote/MTEM","http://www.mtem.com"
"131","https://finance.yahoo.com/quote/MBRX","http://www.moleculin.com"
"132","https://finance.yahoo.com/quote/MNTA","http://www.momentapharma.com"
"133","https://finance.yahoo.com/quote/MOMO","http://www.immomo.com"
"134","https://finance.yahoo.com/quote/MKGI","http://www.monakergroup.com"
"135","https://finance.yahoo.com/quote/MCRI","http://www.monarchcasino.com"
"136","https://finance.yahoo.com/quote/MDLZ","http://www.mondelezinternational.com"
"137","https://finance.yahoo.com/quote/MGI","http://corporate.moneygram.com"
"138","https://finance.yahoo.com/quote/MDB","http://www.mongodb.com"
"142","https://finance.yahoo.com/quote/MPWR","http://www.monolithicpower.com"
"143","https://finance.yahoo.com/quote/TYPE","http://www.monotype.com"
"144","https://finance.yahoo.com/quote/MNRO","http://www.monro.com"
"145","https://finance.yahoo.com/quote/MRCC","http://www.monroebdc.com"
"147","https://finance.yahoo.com/quote/MNST","http://www.monsterbevcorp.com"
"148","https://finance.yahoo.com/quote/MORN","http://www.morningstar.com"
"149","https://finance.yahoo.com/quote/MOR","http://www.morphosys.com"
"150","https://finance.yahoo.com/quote/MOSY","http://www.mosys.com"
"151","https://finance.yahoo.com/quote/MTFB","http://www.motifbio.com"
"153","https://finance.yahoo.com/quote/MPAA","http://www.motorcarparts.com"
"154","https://finance.yahoo.com/quote/MOTS","http://www.motusgi.com"
"155","https://finance.yahoo.com/quote/MPVD","http://www.mountainprovince.com"
"156","https://finance.yahoo.com/quote/MOXC","http://www.moxian.com"
"157","https://finance.yahoo.com/quote/COOP","http://mrcoopergroup.com"
"158","https://finance.yahoo.com/quote/MSBF","http://www.millingtonbank.com"
"159","https://finance.yahoo.com/quote/MTBC","http://www.mtbc.com"
"160","https://finance.yahoo.com/quote/MTBCP","http://www.mtbc.com"
"164","https://finance.yahoo.com/quote/MTSC","http://www.mts.com"
"168","https://finance.yahoo.com/quote/LABL","http://www.mcclabel.com"
"169","https://finance.yahoo.com/quote/MBIO","http://www.mustangbio.com"
"170","https://finance.yahoo.com/quote/MFSF","http://www.bankwithmutual.com"
"171","https://finance.yahoo.com/quote/MVBF","http://www.mvbbanking.com"
"172","https://finance.yahoo.com/quote/MYSZ","http://www.mysizeid.com"
"173","https://finance.yahoo.com/quote/MYL","http://www.mylan.com"
"174","https://finance.yahoo.com/quote/MYND","http://www.myndanalytics.com"
"176","https://finance.yahoo.com/quote/MYOK","http://www.myokardia.com"
"177","https://finance.yahoo.com/quote/MYOS","http://www.myosrens.com"
"178","https://finance.yahoo.com/quote/MYRG","http://www.myrgroup.com"
"179","https://finance.yahoo.com/quote/MYGN","http://www.myriad.com"
"180","https://finance.yahoo.com/quote/NBRV","http://www.nabriva.com"
"181","https://finance.yahoo.com/quote/NAKD","http://www.nakedbrands.com"
"182","https://finance.yahoo.com/quote/NNDM","http://www.nano-di.com"
"183","https://finance.yahoo.com/quote/NANO","http://www.nanometrics.com"
"184","https://finance.yahoo.com/quote/NSTG","http://www.nanostring.com"
"185","https://finance.yahoo.com/quote/NAOV","http://www.nanovibronix.com"
"186","https://finance.yahoo.com/quote/NH","http://nanthealth.com"
"187","https://finance.yahoo.com/quote/NK","http://www.nantkwest.com"
"188","https://finance.yahoo.com/quote/NSSC","http://www.napcosecurity.com"
"189","https://finance.yahoo.com/quote/NDAQ","http://www.business.nasdaq.com"
"190","https://finance.yahoo.com/quote/NTRA","http://www.natera.com"
"191","https://finance.yahoo.com/quote/NATH","http://www.nathansfamous.com"
"192","https://finance.yahoo.com/quote/NKSH","http://www.nationalbankshares.com"
"193","https://finance.yahoo.com/quote/FIZZ","http://www.nationalbeverage.com"
"194","https://finance.yahoo.com/quote/NCMI","http://www.ncm.com"
"195","https://finance.yahoo.com/quote/NESR","http://www.nesr.com"
"197","https://finance.yahoo.com/quote/NGHC","http://www.nationalgeneral.com"
"198","https://finance.yahoo.com/quote/NGHCN","http://www.nationalgeneral.com"
"199","https://finance.yahoo.com/quote/NGHCO","http://www.nationalgeneral.com"
"200","https://finance.yahoo.com/quote/NGHCP","http://www.nationalgeneral.com"
"201","https://finance.yahoo.com/quote/NGHCZ","http://www.nationalgeneral.com"
"202","https://finance.yahoo.com/quote/NHLD","http://www.nhld.com"
"203","https://finance.yahoo.com/quote/NHLDW","http://www.nhld.com"
"204","https://finance.yahoo.com/quote/NATI","http://www.ni.com"
"205","https://finance.yahoo.com/quote/NRC","http://nrchealth.com"
"206","https://finance.yahoo.com/quote/NSEC","http://www.nationalsecuritygroup.com"
"207","https://finance.yahoo.com/quote/EYE","http://www.nationalvision.com"
"208","https://finance.yahoo.com/quote/NWLI","http://www.nwlgi.com"
"209","https://finance.yahoo.com/quote/NAII","http://www.nai-online.com"
"210","https://finance.yahoo.com/quote/NHTC","http://www.naturalhealthtrendscorp.com"
"211","https://finance.yahoo.com/quote/NATR","http://www.naturessunshine.com"
"212","https://finance.yahoo.com/quote/BABY","http://www.natus.com"
"214","https://finance.yahoo.com/quote/NAVI","http://www.navient.com"
"215","https://finance.yahoo.com/quote/NMCI","http://www.navios-containers.com"
"216","https://finance.yahoo.com/quote/NBTB","http://www.nbtbancorp.com"
"217","https://finance.yahoo.com/quote/NCSM","http://www.ncsmultistage.com"
"221","https://finance.yahoo.com/quote/NKTR","http://www.nektar.com"
"222","https://finance.yahoo.com/quote/NMRD","http://www.nemauramedical.com"
"223","https://finance.yahoo.com/quote/NEOG","http://www.neogen.com"
"224","https://finance.yahoo.com/quote/NEO","http://www.neogenomics.com"
"225","https://finance.yahoo.com/quote/NTGN","http://www.neontherapeutics.com"
"226","https://finance.yahoo.com/quote/NEON","http://www.neonode.com"
"227","https://finance.yahoo.com/quote/NEOS","http://www.neostx.com"
"228","https://finance.yahoo.com/quote/NVCN","http://www.neovasc.com"
"229","https://finance.yahoo.com/quote/NEPT","http://neptunecorp.com"
"230","https://finance.yahoo.com/quote/UEPS","http://www.net1.com"
"231","https://finance.yahoo.com/quote/NETE","http://www.netelement.com"
"232","https://finance.yahoo.com/quote/NTAP","http://www.netapp.com"
"233","https://finance.yahoo.com/quote/NTES","http://ir.netease.com"
"234","https://finance.yahoo.com/quote/NFLX","http://www.netflix.com"
"235","https://finance.yahoo.com/quote/NTGR","http://www.netgear.com"
"236","https://finance.yahoo.com/quote/NTCT","http://www.netscout.com"
"237","https://finance.yahoo.com/quote/NTWK","http://www.netsoltech.com"
"238","https://finance.yahoo.com/quote/CUR","http://www.neuralstem.com"
"239","https://finance.yahoo.com/quote/NBIX","http://www.neurocrine.com"
"240","https://finance.yahoo.com/quote/NURO","http://www.neurometrix.com"
"241","https://finance.yahoo.com/quote/NUROW","http://www.neurometrix.com"
"242","https://finance.yahoo.com/quote/STIM","http://www.neurostar.com"
"243","https://finance.yahoo.com/quote/NTRP","http://neurotrope.com"
"244","https://finance.yahoo.com/quote/NBEV","http://www.newagebev.com"
"245","https://finance.yahoo.com/quote/NFE","http://www.newfortressenergy.com"
"246","https://finance.yahoo.com/quote/NYMT","http://www.nymtrust.com"
"247","https://finance.yahoo.com/quote/NYMTN","http://www.nymtrust.com"
"248","https://finance.yahoo.com/quote/NYMTO","http://www.nymtrust.com"
"249","https://finance.yahoo.com/quote/NYMTP","http://www.nymtrust.com"
"250","https://finance.yahoo.com/quote/NEWA","http://dtnewa.com"
"251","https://finance.yahoo.com/quote/NWL","http://www.newellbrands.com"
"252","https://finance.yahoo.com/quote/NLNK","http://www.newlinkgenetics.com"
"253","https://finance.yahoo.com/quote/NMRK","http://www.ngkf.com"
"254","https://finance.yahoo.com/quote/NWS","http://newscorp.com"
"255","https://finance.yahoo.com/quote/NWSA","http://newscorp.com"
"256","https://finance.yahoo.com/quote/NEWT","http://www.newtekone.com"
"259","https://finance.yahoo.com/quote/NXST","http://www.nexstar.tv"
"260","https://finance.yahoo.com/quote/NXTC","http://www.nextcure.com"
"261","https://finance.yahoo.com/quote/NEXT","http://www.next-decade.com"
"262","https://finance.yahoo.com/quote/NXGN","http://www.nextgen.com"
"263","https://finance.yahoo.com/quote/BIMI","http://www.nfenergy.com"
"264","https://finance.yahoo.com/quote/NGM","http://www.ngmbio.com"
"265","https://finance.yahoo.com/quote/NODK","http://www.niholdingsinc.com"
"266","https://finance.yahoo.com/quote/EGOV","http://www.egov.com"
"268","https://finance.yahoo.com/quote/NICK","http://www.nicholasfinancial.com"
"269","https://finance.yahoo.com/quote/NCBS","http://www.nicoletbank.com"
"270","https://finance.yahoo.com/quote/NITE","http://www.nightstartx.com"
"271","https://finance.yahoo.com/quote/NIHD","http://ir.nii.com"
"272","https://finance.yahoo.com/quote/NIU","http://www.niu.com"
"273","https://finance.yahoo.com/quote/LASR","http://www.nlight.net"
"274","https://finance.yahoo.com/quote/NMIH","http://www.nationalmi.com"
"275","https://finance.yahoo.com/quote/NNBR","http://www.nninc.com"
"276","https://finance.yahoo.com/quote/NDLS","http://www.noodles.com"
"277","https://finance.yahoo.com/quote/NDSN","http://www.nordson.com"
"278","https://finance.yahoo.com/quote/NSYS","http://www.nortechsys.com"
"279","https://finance.yahoo.com/quote/NBN","http://www.northeastbank.com"
"280","https://finance.yahoo.com/quote/NTIC","http://www.ntic.com"
"281","https://finance.yahoo.com/quote/NTRS","http://www.northerntrust.com"
"282","https://finance.yahoo.com/quote/NTRSP","http://www.northerntrust.com"
"283","https://finance.yahoo.com/quote/NFBK","http://www.enorthfield.com"
"284","https://finance.yahoo.com/quote/NRIM","http://www.northrim.com"
"285","https://finance.yahoo.com/quote/NWBI","http://www.northwest.com"
"286","https://finance.yahoo.com/quote/NWPX","http://www.nwpipe.com"
"287","https://finance.yahoo.com/quote/NCLH","http://www.ncl.com"
"288","https://finance.yahoo.com/quote/NWFL","http://www.waynebank.com"
"289","https://finance.yahoo.com/quote/NVFY","http://novalifestyle.com"
"290","https://finance.yahoo.com/quote/NVMI","http://www.novami.com"
"291","https://finance.yahoo.com/quote/NOVN","http://www.novan.com"
"292","https://finance.yahoo.com/quote/NOVT","http://www.novanta.com"
"293","https://finance.yahoo.com/quote/NVAX","http://www.novavax.com"
"294","https://finance.yahoo.com/quote/NVLN","http://www.novelion.com"
"296","https://finance.yahoo.com/quote/NVUS","http://novustherapeutics.com"
"297","https://finance.yahoo.com/quote/NUAN","http://www.nuance.com"
"298","https://finance.yahoo.com/quote/NCNA","http://www.nucana.com"
"299","https://finance.yahoo.com/quote/NTNX","http://www.nutanix.com"
"300","https://finance.yahoo.com/quote/NUVA","http://www.nuvasive.com"
"301","https://finance.yahoo.com/quote/NVTR","http://www.nuvectramed.com"
"302","https://finance.yahoo.com/quote/QQQX","http://www.nuveen.com"
"303","https://finance.yahoo.com/quote/NVEE","http://www.nv5.com"
"304","https://finance.yahoo.com/quote/NVEC","http://www.nve.com"
"305","https://finance.yahoo.com/quote/NVDA","http://www.nvidia.com"
"306","https://finance.yahoo.com/quote/NXPI","http://www.nxp.com"
"307","https://finance.yahoo.com/quote/NXTD","http://www.nxt-id.com"
"308","https://finance.yahoo.com/quote/NXTDW","http://www.nxt-id.com"
"309","https://finance.yahoo.com/quote/NYMX","http://www.nymox.com"
"310","https://finance.yahoo.com/quote/OIIM","http://www.o2micro.com"
"311","https://finance.yahoo.com/quote/OVLY","http://www.ovcb.com"
"312","https://finance.yahoo.com/quote/OCSL","http://www.oaktreespecialtylending.com"
"314","https://finance.yahoo.com/quote/OCSI","http://fsfr.fifthstreetfinance.com"
"315","https://finance.yahoo.com/quote/OASM","http://www.oasmia.com"
"316","https://finance.yahoo.com/quote/OBLN","http://www.obalon.com"
"317","https://finance.yahoo.com/quote/OBSV","http://www.obseva.com"
"318","https://finance.yahoo.com/quote/OBCI","http://www.oceanbiochem.com"
"319","https://finance.yahoo.com/quote/OPTT","http://www.oceanpowertechnologies.com"
"320","https://finance.yahoo.com/quote/OCFC","http://www.oceanfirst.com"
"321","https://finance.yahoo.com/quote/OFED","http://www.oconeefederal.com"
"322","https://finance.yahoo.com/quote/OCUL","http://www.ocutx.com"
"323","https://finance.yahoo.com/quote/ODT","http://www.odonate.com"
"324","https://finance.yahoo.com/quote/OMEX","http://www.odysseymarine.com"
"325","https://finance.yahoo.com/quote/ODP","http://www.officedepot.com"
"326","https://finance.yahoo.com/quote/OPI","http://www.opireit.com"
"327","https://finance.yahoo.com/quote/OPINI","http://www.opireit.com"
"328","https://finance.yahoo.com/quote/OFS","http://www.ofscapital.com"
"331","https://finance.yahoo.com/quote/OCCI","http://www.ofscreditcompany.com"
"332","https://finance.yahoo.com/quote/OCCIP","http://www.ofscreditcompany.com"
"333","https://finance.yahoo.com/quote/OHAI","http://www.ohainvestmentcorporation.com"
"334","https://finance.yahoo.com/quote/OVBC","http://www.ovbc.com"
"335","https://finance.yahoo.com/quote/OHRP","http://www.ohrpharmaceutical.com"
"336","https://finance.yahoo.com/quote/OKTA","http://www.okta.com"
"337","https://finance.yahoo.com/quote/ODFL","http://www.odfl.com"
"338","https://finance.yahoo.com/quote/OLBK","http://www.oldlinebank.com"
"339","https://finance.yahoo.com/quote/ONB","http://www.oldnational.com"
"340","https://finance.yahoo.com/quote/OPOF","http://www.oldpoint.com"
"341","https://finance.yahoo.com/quote/OSBC","http://www.oldsecond.com"
"343","https://finance.yahoo.com/quote/OLLI","http://www.ollies.us"
"344","https://finance.yahoo.com/quote/ZEUS","http://www.olysteel.com"
"345","https://finance.yahoo.com/quote/OFLX","http://www.omegaflexcorp.com"
"346","https://finance.yahoo.com/quote/OMER","http://www.omeros.com"
"347","https://finance.yahoo.com/quote/OMCL","http://www.omnicell.com"
"348","https://finance.yahoo.com/quote/ON","http://www.onsemi.com"
"349","https://finance.yahoo.com/quote/OTIV","http://www.otiglobal.com"
"350","https://finance.yahoo.com/quote/ONCY","http://www.oncolyticsbiotech.com"
"351","https://finance.yahoo.com/quote/ONTX","http://www.onconova.com"
"353","https://finance.yahoo.com/quote/ONCS","http://oncosec.com"
"354","https://finance.yahoo.com/quote/OSS","http://www.onestopsystems.com"
"355","https://finance.yahoo.com/quote/OSPN","http://www.onespan.com"
"357","https://finance.yahoo.com/quote/OPBK","http://www.myopenbank.com"
"358","https://finance.yahoo.com/quote/OTEX","http://www.opentext.com"
"359","https://finance.yahoo.com/quote/OPRA","http://www.opera.com"
"363","https://finance.yahoo.com/quote/OPGN","http://www.opgen.com"
"365","https://finance.yahoo.com/quote/OPNT","http://www.opiant.com"
"366","https://finance.yahoo.com/quote/OPK","http://www.opko.com"
"367","https://finance.yahoo.com/quote/OBAS","http://www.optibase-holdings.com"
"368","https://finance.yahoo.com/quote/OCC","http://www.occfiber.com"
"369","https://finance.yahoo.com/quote/OPRX","http://www.optimizerx.com"
"370","https://finance.yahoo.com/quote/OPHC","http://www.optimumbank.com"
"371","https://finance.yahoo.com/quote/OPTN","http://www.optinose.com"
"372","https://finance.yahoo.com/quote/OPB","http://www.opusbank.com"
"373","https://finance.yahoo.com/quote/ORMP","http://www.oramed.com"
"374","https://finance.yahoo.com/quote/OSUR","http://www.orasure.com"
"375","https://finance.yahoo.com/quote/ORBC","http://www.orbcomm.com"
"376","https://finance.yahoo.com/quote/ORTX","http://www.orchard-tx.com"
"377","https://finance.yahoo.com/quote/ORLY","http://www.oreillyauto.com"
"379","https://finance.yahoo.com/quote/ORGO","http://organogenesis.com"
"380","https://finance.yahoo.com/quote/ONVO","http://www.organovo.com"
"381","https://finance.yahoo.com/quote/ORGS","http://www.orgenesis.com"
"382","https://finance.yahoo.com/quote/SEED","http://www.originseed.com.cn"
"383","https://finance.yahoo.com/quote/OBNK","http://www.origin.bank"
"384","https://finance.yahoo.com/quote/OESX","http://www.orionlighting.com"
"385","https://finance.yahoo.com/quote/ORIT","http://www.oritani.com"
"386","https://finance.yahoo.com/quote/ORRF","http://www.orrstown.com"
"387","https://finance.yahoo.com/quote/OFIX","http://www.orthofix.com"
"388","https://finance.yahoo.com/quote/KIDS","http://www.orthopediatrics.com"
"389","https://finance.yahoo.com/quote/OSIS","http://www.osi-systems.com"
"390","https://finance.yahoo.com/quote/OSMT","http://www.osmotica.com"
"391","https://finance.yahoo.com/quote/OSN","http://www.osseninnovation.com"
"392","https://finance.yahoo.com/quote/OTEL","http://www.otelco.com"
"393","https://finance.yahoo.com/quote/OTIC","http://www.otonomy.com"
"394","https://finance.yahoo.com/quote/OTTW","http://www.ottawasavings.com"
"395","https://finance.yahoo.com/quote/OTTR","http://www.ottertail.com"
"396","https://finance.yahoo.com/quote/OTLK","http://www.outlooktherapeutics.com"
"398","https://finance.yahoo.com/quote/OSTK","http://www.overstock.com"
"399","https://finance.yahoo.com/quote/OVID","http://www.ovidrx.com"
"400","https://finance.yahoo.com/quote/OXBR","http://www.oxbridgere.com"
"401","https://finance.yahoo.com/quote/OXBRW","http://www.oxbridgere.com"
"402","https://finance.yahoo.com/quote/OXFD","http://www.oxfordimmunotec.com"
"403","https://finance.yahoo.com/quote/OXLC","http://www.oxfordlanecapital.com"
"404","https://finance.yahoo.com/quote/OXLCM","http://www.oxfordlanecapital.com"
"405","https://finance.yahoo.com/quote/OXLCO","http://www.oxfordlanecapital.com"
"406","https://finance.yahoo.com/quote/OXSQ","http://www.ticc.com"
"409","https://finance.yahoo.com/quote/PFIN","http://www.pfina.com"
"410","https://finance.yahoo.com/quote/PTSI","http://www.pamtransport.com"
"411","https://finance.yahoo.com/quote/PCAR","http://www.paccar.com"
"415","https://finance.yahoo.com/quote/PACB","http://www.pacb.com"
"416","https://finance.yahoo.com/quote/PCB","http://www.paccity.net"
"417","https://finance.yahoo.com/quote/PEIX","http://www.pacificethanol.net"
"418","https://finance.yahoo.com/quote/PMBC","http://www.pmbank.com"
"419","https://finance.yahoo.com/quote/PPBI","http://www.ppbi.com"
"420","https://finance.yahoo.com/quote/PCRX","http://www.pacira.com"
"421","https://finance.yahoo.com/quote/PACW","http://www.pacwestbancorp.com"
"422","https://finance.yahoo.com/quote/PLMR","http://www.palomarspecialty.com"
"423","https://finance.yahoo.com/quote/PAAS","http://www.panamericansilver.com"
"424","https://finance.yahoo.com/quote/PANL","http://www.pangaeals.com"
"425","https://finance.yahoo.com/quote/PZZA","http://www.papajohns.com"
"426","https://finance.yahoo.com/quote/FRSH","http://www.papamurphys.com"
"427","https://finance.yahoo.com/quote/PRTK","http://paratekpharma.com"
"428","https://finance.yahoo.com/quote/TEUM","http://www.pareteum.com"
"429","https://finance.yahoo.com/quote/PNRL","http://www.paringaresources.com"
"430","https://finance.yahoo.com/quote/PCYG","http://www.parkcitygroup.com"
"431","https://finance.yahoo.com/quote/PKBK","http://www.parkebank.com"
"432","https://finance.yahoo.com/quote/PKOH","http://www.pkoh.com"
"433","https://finance.yahoo.com/quote/PTNR","http://www.partner.co.il"
"434","https://finance.yahoo.com/quote/PBHC","http://www.pathfinderbank.com"
"435","https://finance.yahoo.com/quote/PATK","http://www.patrickind.com"
"437","https://finance.yahoo.com/quote/PATI","http://www.patriottrans.com"
"438","https://finance.yahoo.com/quote/PEGI","http://www.patternenergy.com"
"439","https://finance.yahoo.com/quote/PDCO","http://www.pattersoncompanies.com"
"440","https://finance.yahoo.com/quote/PTEN","http://www.patenergy.com"
"441","https://finance.yahoo.com/quote/PAVM","http://www.pavmed.com"
"442","https://finance.yahoo.com/quote/PAVMW","http://www.pavmed.com"
"444","https://finance.yahoo.com/quote/PAYX","http://www.paychex.com"
"445","https://finance.yahoo.com/quote/PCTY","http://www.paylocity.com"
"446","https://finance.yahoo.com/quote/PYDS","http://www.paymentdata.com"
"447","https://finance.yahoo.com/quote/PYPL","http://www.paypal.com"
"448","https://finance.yahoo.com/quote/PAYS","http://www.paysign.com"
"449","https://finance.yahoo.com/quote/PBBI","http://www.putnambank.com"
"450","https://finance.yahoo.com/quote/CNXN","http://www.connection.com"
"451","https://finance.yahoo.com/quote/PCMI","http://www.pcm.com"
"452","https://finance.yahoo.com/quote/PCSB","http://www.pcsbbank.com"
"453","https://finance.yahoo.com/quote/PCTI","http://www.pctel.com"
"454","https://finance.yahoo.com/quote/PDCE","http://www.pdce.com"
"455","https://finance.yahoo.com/quote/PDFS","http://www.pdf.com"
"456","https://finance.yahoo.com/quote/PDLI","http://www.pdl.com"
"457","https://finance.yahoo.com/quote/PDLB","http://www.poncebank.com"
"458","https://finance.yahoo.com/quote/PDSB","http://www.pdsbiotech.com"
"459","https://finance.yahoo.com/quote/PDVW","http://www.pdvwireless.com"
"460","https://finance.yahoo.com/quote/SKIS","http://www.peakresorts.com"
"461","https://finance.yahoo.com/quote/PGC","http://www.pgbank.com"
"462","https://finance.yahoo.com/quote/PEGA","http://www.pega.com"
"463","https://finance.yahoo.com/quote/PENN","http://www.pngaming.com"
"464","https://finance.yahoo.com/quote/PVAC","http://www.pennvirginia.com"
"465","https://finance.yahoo.com/quote/PFLT","http://www.pennantpark.com"
"466","https://finance.yahoo.com/quote/PNNT","http://www.pennantpark.com"
"467","https://finance.yahoo.com/quote/PWOD","http://www.pwod.com"
"468","https://finance.yahoo.com/quote/WRLS","http://www.pensaregrp.com"
"470","https://finance.yahoo.com/quote/WRLSU","http://www.pensaregrp.com"
"472","https://finance.yahoo.com/quote/PEBO","http://www.peoplesbancorp.com"
"473","https://finance.yahoo.com/quote/PEBK","http://www.peoplesbanknc.com"
"474","https://finance.yahoo.com/quote/PFIS","http://www.psbt.com"
"475","https://finance.yahoo.com/quote/PBCT","http://www.peoples.com"
"476","https://finance.yahoo.com/quote/PBCTP","http://www.peoples.com"
"477","https://finance.yahoo.com/quote/PUB","http://www.peoplesutah.com"
"478","https://finance.yahoo.com/quote/KPFS","http://www.pepper-fs.co.jp"
"479","https://finance.yahoo.com/quote/PEP","http://www.pepsico.com"
"480","https://finance.yahoo.com/quote/PRCP","http://www.perceptron.com"
"481","https://finance.yahoo.com/quote/PRFT","http://www.perficient.com"
"482","https://finance.yahoo.com/quote/DCIX","http://www.pshipping.com"
"483","https://finance.yahoo.com/quote/PFMT","http://performantcorp.com"
"484","https://finance.yahoo.com/quote/PERI","http://www.perion.com"
"485","https://finance.yahoo.com/quote/PESI","http://www.perma-fix.com"
"486","https://finance.yahoo.com/quote/PPIH","http://www.permapipe.com"
"487","https://finance.yahoo.com/quote/PETQ","http://www.petiq.com"
"488","https://finance.yahoo.com/quote/PETS","http://www.1800petmeds.com"
"489","https://finance.yahoo.com/quote/PFSW","http://www.pfsweb.com"
"490","https://finance.yahoo.com/quote/PGTI","http://pgtinnovations.com"
"491","https://finance.yahoo.com/quote/PHAS","http://www.phasebio.com"
"492","https://finance.yahoo.com/quote/PAHC","http://www.pahc.com"
"493","https://finance.yahoo.com/quote/PHIO","https://phiopharma.com"
"494","https://finance.yahoo.com/quote/PHIOW","https://phiopharma.com"
"495","https://finance.yahoo.com/quote/PLAB","http://www.photronics.com"
"496","https://finance.yahoo.com/quote/PHUN","http://www.phunware.com"
"498","https://finance.yahoo.com/quote/PICO","http://www.picoholdings.com"
"499","https://finance.yahoo.com/quote/PLL","http://www.piedmontlithium.com"
"500","https://finance.yahoo.com/quote/PIRS","http://www.pieris.com"
"501","https://finance.yahoo.com/quote/PPC","http://www.pilgrims.com"
"502","https://finance.yahoo.com/quote/PDD","http://www.pinduoduo.com"
"503","https://finance.yahoo.com/quote/PME","http://www.ptmarine.com"
"504","https://finance.yahoo.com/quote/PNFP","http://www.pnfp.com"
"505","https://finance.yahoo.com/quote/PT","http://www.pintec.com"
"506","https://finance.yahoo.com/quote/PPSI","http://www.pioneerpowersolutions.com"
"507","https://finance.yahoo.com/quote/PXLW","http://www.pixelworks.com"
"508","https://finance.yahoo.com/quote/PLYA","http://www.playaresorts.com"
"509","https://finance.yahoo.com/quote/PLXS","http://www.plexus.com"
"510","https://finance.yahoo.com/quote/PLUG","http://www.plugpower.com"
"511","https://finance.yahoo.com/quote/PLBC","http://www.plumasbank.com"
"512","https://finance.yahoo.com/quote/PS","http://www.pluralsight.com"
"513","https://finance.yahoo.com/quote/PSTI","http://www.pluristem.com"
"514","https://finance.yahoo.com/quote/PLXP","http://plxpharma.com"
"515","https://finance.yahoo.com/quote/PNTR","http://www.pointer.com"
"516","https://finance.yahoo.com/quote/PCOM","http://www.points.com"
"517","https://finance.yahoo.com/quote/POLA","http://www.polarpower.com"
"518","https://finance.yahoo.com/quote/PTE","http://www.polarityte.com"
"519","https://finance.yahoo.com/quote/POOL","http://www.poolcorp.com"
"520","https://finance.yahoo.com/quote/POPE","http://www.poperesources.com"
"521","https://finance.yahoo.com/quote/BPOP","http://www.popular.com"
"526","https://finance.yahoo.com/quote/PTLA","http://www.portola.com"
"527","https://finance.yahoo.com/quote/PPHI","http://positivephysicians.com"
"528","https://finance.yahoo.com/quote/PBPB","http://www.potbelly.com"
"529","https://finance.yahoo.com/quote/PCH","http://www.potlatchdeltic.com"
"530","https://finance.yahoo.com/quote/POWL","http://www.powellind.com"
"531","https://finance.yahoo.com/quote/POWI","http://www.power.com"
"532","https://finance.yahoo.com/quote/PBTS","http://www.powerbridge.com"
"533","https://finance.yahoo.com/quote/PRAA","http://www.pragroup.com"
"534","https://finance.yahoo.com/quote/PRAH","http://prahs.com"
"535","https://finance.yahoo.com/quote/PRPO","http://www.precipiodx.com"
"536","https://finance.yahoo.com/quote/DTIL","http://www.precisionbiosciences.com"
"537","https://finance.yahoo.com/quote/AIPT","http://www.precisiontherapeutics.com"
"538","https://finance.yahoo.com/quote/PFBC","http://www.preferredbank.com"
"539","https://finance.yahoo.com/quote/PLPC","http://www.preformed.com"
"540","https://finance.yahoo.com/quote/PFBI","http://www.premierbankinc.com"
"541","https://finance.yahoo.com/quote/PINC","http://www.premierinc.com"
"542","https://finance.yahoo.com/quote/PSDO","http://www.presidio.com"
"543","https://finance.yahoo.com/quote/PRGX","http://www.prgx.com"
"544","https://finance.yahoo.com/quote/PSMT","http://www.pricesmart.com"
"545","https://finance.yahoo.com/quote/PNRG","http://www.primeenergy.com"
"546","https://finance.yahoo.com/quote/PRMW","http://primowater.com"
"547","https://finance.yahoo.com/quote/PRIM","http://www.primoriscorp.com"
"549","https://finance.yahoo.com/quote/PFG","http://www.principal.com"
"558","https://finance.yahoo.com/quote/PRNB","http://www.principiabio.com"
"559","https://finance.yahoo.com/quote/PRTH","http://www.prth.com"
"560","https://finance.yahoo.com/quote/PDEX","http://www.pro-dex.com"
"561","https://finance.yahoo.com/quote/IPDN","http://www.prodivnet.com"
"562","https://finance.yahoo.com/quote/PFIE","http://www.profireenergy.com"
"563","https://finance.yahoo.com/quote/PGNX","http://www.progenics.com"
"564","https://finance.yahoo.com/quote/PRGS","http://www.progress.com"
"565","https://finance.yahoo.com/quote/PFPT","http://www.proofpoint.com"
"566","https://finance.yahoo.com/quote/PRPH","http://www.prophaselabs.com"
"567","https://finance.yahoo.com/quote/PRQR","http://www.proqr.com"
"575","https://finance.yahoo.com/quote/PSEC","http://www.prospectstreet.com"
"576","https://finance.yahoo.com/quote/PTGX","http://www.protagonist-inc.com"
"577","https://finance.yahoo.com/quote/PTVCA","http://www.protectiveinsurance.com"
"578","https://finance.yahoo.com/quote/PTVCB","http://www.protectiveinsurance.com"
"579","https://finance.yahoo.com/quote/PRTO","http://www.proteontherapeutics.com"
"580","https://finance.yahoo.com/quote/PTI","http://www.proteostasis.com"
"581","https://finance.yahoo.com/quote/PRTA","http://www.prothena.com"
"582","https://finance.yahoo.com/quote/PRVB","http://www.proventionbio.com"
"583","https://finance.yahoo.com/quote/PVBC","http://www.theprovidentbank.com"
"584","https://finance.yahoo.com/quote/PROV","http://www.myprovident.com"
"585","https://finance.yahoo.com/quote/PBIP","http://www.psbanker.com"
"586","https://finance.yahoo.com/quote/PMD","http://www.psychemedics.com"
"587","https://finance.yahoo.com/quote/PTC","http://www.ptc.com"
"588","https://finance.yahoo.com/quote/PTCT","http://www.ptcbio.com"
"589","https://finance.yahoo.com/quote/PHCF","http://www.puhuiwealth.com"
"590","https://finance.yahoo.com/quote/PULM","http://pulmatrix.com"
"591","https://finance.yahoo.com/quote/PLSE","http://www.pulsebiosciences.com"
"592","https://finance.yahoo.com/quote/PBYI","http://www.pumabiotechnology.com"
"596","https://finance.yahoo.com/quote/PCYO","http://www.purecyclewater.com"
"597","https://finance.yahoo.com/quote/PRPL","http://purple.com"
"598","https://finance.yahoo.com/quote/PUYI","http://www.puyiwm.com"
"599","https://finance.yahoo.com/quote/PXS","http://www.pyxistankers.com"
"600","https://finance.yahoo.com/quote/QADA","http://www.qad.com"
"601","https://finance.yahoo.com/quote/QADB","http://www.qad.com"
"602","https://finance.yahoo.com/quote/QCRH","http://www.qcrh.com"
"603","https://finance.yahoo.com/quote/QGEN","http://www.qiagen.com"
"604","https://finance.yahoo.com/quote/QIWI","http://www.qiwi.com"
"605","https://finance.yahoo.com/quote/QRVO","http://www.qorvo.com"
"606","https://finance.yahoo.com/quote/QCOM","http://www.qualcomm.com"
"607","https://finance.yahoo.com/quote/QBAK","http://www.qualstar.com"
"608","https://finance.yahoo.com/quote/QLYS","http://www.qualys.com"
"609","https://finance.yahoo.com/quote/QTNA","http://www.quantenna.com"
"610","https://finance.yahoo.com/quote/QTRX","http://www.quanterix.com"
"611","https://finance.yahoo.com/quote/QTRH","http://www.quarterhill.com"
"612","https://finance.yahoo.com/quote/QRHC","http://www.qrhc.com"
"613","https://finance.yahoo.com/quote/QUIK","http://www.quicklogic.com"
"614","https://finance.yahoo.com/quote/QDEL","http://www.quidel.com"
"615","https://finance.yahoo.com/quote/QNST","http://quinstreet.com"
"616","https://finance.yahoo.com/quote/QUMU","http://www.qumu.com"
"617","https://finance.yahoo.com/quote/QTNT","http://quotientbd.com"
"618","https://finance.yahoo.com/quote/QRTEA","http://qurateretail.com"
"619","https://finance.yahoo.com/quote/QRTEB","http://qurateretail.com"
"620","https://finance.yahoo.com/quote/QTT","http://www.qutoutiao.net"
"621","https://finance.yahoo.com/quote/RRD","http://www.rrdonnelley.com"
"622","https://finance.yahoo.com/quote/RCM","http://www.r1rcm.com"
"623","https://finance.yahoo.com/quote/RARX","http://rapharma.com"
"624","https://finance.yahoo.com/quote/RADA","http://www.rada.com"
"625","https://finance.yahoo.com/quote/RDCM","http://www.radcom.com"
"626","https://finance.yahoo.com/quote/RDUS","http://www.radiuspharm.com"
"627","https://finance.yahoo.com/quote/RDNT","http://www.radnet.com"
"628","https://finance.yahoo.com/quote/RDWR","http://www.radware.com"
"629","https://finance.yahoo.com/quote/METC","http://www.ramacoresources.com"
"630","https://finance.yahoo.com/quote/RMBS","http://www.rambus.com"
"631","https://finance.yahoo.com/quote/RAND","http://www.randcapital.com"
"632","https://finance.yahoo.com/quote/RNDB","http://www.randolphbancorp.com"
"633","https://finance.yahoo.com/quote/RPD","http://www.rapid7.com"
"634","https://finance.yahoo.com/quote/RAVE","http://www.raverg.com"
"635","https://finance.yahoo.com/quote/RAVN","http://www.ravenind.com"
"636","https://finance.yahoo.com/quote/RBB","http://www.royalbusinessbankusa.com"
"637","https://finance.yahoo.com/quote/ROLL","http://www.rbcbearings.com"
"638","https://finance.yahoo.com/quote/RICK","http://www.rcihospitality.com"
"639","https://finance.yahoo.com/quote/RCMT","http://www.rcmt.com"
"640","https://finance.yahoo.com/quote/RDI","http://www.readingrdi.com"
"641","https://finance.yahoo.com/quote/RDIB","http://www.readingrdi.com"
"644","https://finance.yahoo.com/quote/RLM","http://www.realmtx.com"
"645","https://finance.yahoo.com/quote/RNWK","http://www.realnetworks.com"
"646","https://finance.yahoo.com/quote/RP","http://www.realpage.com"
"647","https://finance.yahoo.com/quote/RETA","http://www.reatapharma.com"
"648","https://finance.yahoo.com/quote/RCON","http://www.recon.cn"
"649","https://finance.yahoo.com/quote/REPH","http://www.recropharma.com"
"650","https://finance.yahoo.com/quote/RRBI","http://www.redriverbank.net"
"651","https://finance.yahoo.com/quote/RRGB","http://www.redrobin.com"
"652","https://finance.yahoo.com/quote/RRR","http://www.redrockresorts.com"
"653","https://finance.yahoo.com/quote/RDVT","http://www.redviolet.com"
"654","https://finance.yahoo.com/quote/RDFN","http://www.redfin.com"
"655","https://finance.yahoo.com/quote/RDHL","http://www.redhillbio.com"
"656","https://finance.yahoo.com/quote/RBZ","http://www.reebonz.com"
"657","https://finance.yahoo.com/quote/REED","http://www.drinkreeds.com"
"658","https://finance.yahoo.com/quote/REG","http://www.regencycenters.com"
"659","https://finance.yahoo.com/quote/REGN","http://www.regeneron.com"
"660","https://finance.yahoo.com/quote/RGNX","http://www.regenxbio.com"
"661","https://finance.yahoo.com/quote/RGLS","http://www.regulusrx.com"
"662","https://finance.yahoo.com/quote/REKR","http://www.rekorsystems.com"
"663","https://finance.yahoo.com/quote/RBNC","http://www.reliantbank.com"
"664","https://finance.yahoo.com/quote/RELV","http://www.reliv.com"
"665","https://finance.yahoo.com/quote/MARK","http://www.remarkholdings.com"
"666","https://finance.yahoo.com/quote/RNST","http://www.renasant.com"
"667","https://finance.yahoo.com/quote/REGI","http://www.regi.com"
"668","https://finance.yahoo.com/quote/RCII","http://www.rentacenter.com"
"669","https://finance.yahoo.com/quote/RGEN","http://www.repligen.com"
"670","https://finance.yahoo.com/quote/REPL","http://www.replimune.com"
"671","https://finance.yahoo.com/quote/RBCAA","http://www.republicbank.com"
"672","https://finance.yahoo.com/quote/FRBK","http://www.myrepublicbank.com"
"673","https://finance.yahoo.com/quote/REFR","http://www.smartglass.com"
"674","https://finance.yahoo.com/quote/RESN","http://www.resonant.com"
"675","https://finance.yahoo.com/quote/RECN","http://www.rgp.com"
"676","https://finance.yahoo.com/quote/HAIR","http://artas.com"
"677","https://finance.yahoo.com/quote/TORC","http://www.restorbio.com"
"678","https://finance.yahoo.com/quote/ROIC","http://www.roireit.net"
"679","https://finance.yahoo.com/quote/RETO","http://www.retoeco.com"
"680","https://finance.yahoo.com/quote/RTRX","http://www.retrophin.com"
"681","https://finance.yahoo.com/quote/RVNC","http://www.revance.com"
"682","https://finance.yahoo.com/quote/RVEN","http://www.revenhousingreit.com"
"683","https://finance.yahoo.com/quote/RVLT","http://rvlti.com"
"684","https://finance.yahoo.com/quote/RWLK","http://www.rewalk.com"
"685","https://finance.yahoo.com/quote/RFIL","http://www.rfindustries.com"
"686","https://finance.yahoo.com/quote/RGCO","http://www.rgcresources.com"
"687","https://finance.yahoo.com/quote/RBKB","http://www.rhinebeckbank.com"
"688","https://finance.yahoo.com/quote/RYTM","http://www.rhythmtx.com"
"689","https://finance.yahoo.com/quote/RBBN","http://www.ribboncommunications.com"
"690","https://finance.yahoo.com/quote/RIBT","http://www.ricebrantech.com"
"691","https://finance.yahoo.com/quote/RELL","http://www.rell.com"
"692","https://finance.yahoo.com/quote/RIGL","http://www.rigel.com"
"693","https://finance.yahoo.com/quote/RNET","http://www.rig.net"
"694","https://finance.yahoo.com/quote/RMNI","http://www.riministreet.com"
"695","https://finance.yahoo.com/quote/RIOT","http://www.riotblockchain.com"
"696","https://finance.yahoo.com/quote/REDU","http://www.risecenter.com"
"697","https://finance.yahoo.com/quote/RTTR","http://www.ritterpharmaceuticals.com"
"698","https://finance.yahoo.com/quote/RVSB","http://www.riverviewbank.com"
"699","https://finance.yahoo.com/quote/RIVE","http://www.riverviewbankpa.com"
"700","https://finance.yahoo.com/quote/RCKT","http://www.rocketpharma.com"
"701","https://finance.yahoo.com/quote/RMTI","http://www.rockwellmed.com"
"702","https://finance.yahoo.com/quote/RCKY","http://www.rockybrands.com"
"703","https://finance.yahoo.com/quote/RMCF","http://www.rmcf.com"
"704","https://finance.yahoo.com/quote/ROKU","http://www.roku.com"
"705","https://finance.yahoo.com/quote/ROSE","http://www.rosehillresources.com"
"706","https://finance.yahoo.com/quote/ROSEU","http://www.rosehillresources.com"
"708","https://finance.yahoo.com/quote/ROST","http://www.rossstores.com"
"709","https://finance.yahoo.com/quote/RGLD","http://www.royalgold.com"
"710","https://finance.yahoo.com/quote/RTIX","http://www.rtix.com"
"711","https://finance.yahoo.com/quote/RBCN","http://www.rubicontechnology.com"
"712","https://finance.yahoo.com/quote/RUBY","http://www.rubiustx.com"
"713","https://finance.yahoo.com/quote/RUHN","http://www.ruhnn.com"
"714","https://finance.yahoo.com/quote/RMBL","http://www.rumbleon.com"
"715","https://finance.yahoo.com/quote/RUSHA","http://www.rushenterprises.com"
"716","https://finance.yahoo.com/quote/RUSHB","http://www.rushenterprises.com"
"717","https://finance.yahoo.com/quote/RUTH","http://www.rhgi.com"
"718","https://finance.yahoo.com/quote/RYAAY","http://www.ryanair.com"
"719","https://finance.yahoo.com/quote/STBA","http://www.stbancorp.com"
"720","https://finance.yahoo.com/quote/SANW","http://www.swseedco.com"
"721","https://finance.yahoo.com/quote/SBRA","http://www.sabrahealth.com"
"722","https://finance.yahoo.com/quote/SABR","http://www.sabre.com"
"723","https://finance.yahoo.com/quote/SAEX","http://www.saexploration.com"
"724","https://finance.yahoo.com/quote/SFET","http://www.safe-t.com"
"725","https://finance.yahoo.com/quote/SAFT","http://www.safetyinsurance.com"
"726","https://finance.yahoo.com/quote/SGA","http://sagacom.com"
"727","https://finance.yahoo.com/quote/SAGE","http://www.sagerx.com"
"728","https://finance.yahoo.com/quote/SAIA","http://www.saia.com"
"729","https://finance.yahoo.com/quote/SALM","http://www.salemmedia.com"
"730","https://finance.yahoo.com/quote/SAL","http://www.salisburybank.com"
"731","https://finance.yahoo.com/quote/SAFM","http://www.sandersonfarms.com"
"732","https://finance.yahoo.com/quote/SASR","http://www.sandyspringbank.com"
"733","https://finance.yahoo.com/quote/SGMO","http://www.sangamo.com"
"734","https://finance.yahoo.com/quote/SANM","http://www.sanmina.com"
"735","https://finance.yahoo.com/quote/GCVRZ","http://www.sanofi.com"
"736","https://finance.yahoo.com/quote/SNY","http://www.sanofi.com"
"737","https://finance.yahoo.com/quote/SPNS","http://www.sapiens.com"
"738","https://finance.yahoo.com/quote/SRPT","http://www.sarepta.com"
"739","https://finance.yahoo.com/quote/SVRA","http://www.savarapharma.com"
"740","https://finance.yahoo.com/quote/SBFG","http://www.yoursbfinancial.com"
"741","https://finance.yahoo.com/quote/SBFGP","http://www.yoursbfinancial.com"
"742","https://finance.yahoo.com/quote/SBBX","http://www.sbone.bank"
"743","https://finance.yahoo.com/quote/SBAC","http://www.sbasite.com"
"744","https://finance.yahoo.com/quote/SCSC","http://www.scansource.com"
"745","https://finance.yahoo.com/quote/SMIT","http://www.schmittindustries.com"
"746","https://finance.yahoo.com/quote/SCHN","http://www.schnitzersteel.com"
"747","https://finance.yahoo.com/quote/SRRK","http://www.scholarrock.com"
"748","https://finance.yahoo.com/quote/SCHL","http://www.scholastic.com"
"749","https://finance.yahoo.com/quote/SAMA","http://www.samcospac.com"
"750","https://finance.yahoo.com/quote/SAMAU","http://www.samcospac.com"
"752","https://finance.yahoo.com/quote/SGMS","http://www.scientificgames.com"
"753","https://finance.yahoo.com/quote/SCPL","http://www.sciplay.com"
"754","https://finance.yahoo.com/quote/SCPH","http://www.scpharmaceuticals.com"
"756","https://finance.yahoo.com/quote/SCYX","http://www.scynexis.com"
"757","https://finance.yahoo.com/quote/SEAC","http://www.seachange.com"
"758","https://finance.yahoo.com/quote/SBCF","http://www.seacoastbanking.com"
"759","https://finance.yahoo.com/quote/STX","http://www.seagate.com"
"760","https://finance.yahoo.com/quote/SHIP","http://www.seanergymaritime.com"
"761","https://finance.yahoo.com/quote/SHIPW","http://www.seanergymaritime.com"
"762","https://finance.yahoo.com/quote/SHIPZ","http://www.seanergymaritime.com"
"763","https://finance.yahoo.com/quote/SHOS","http://www.shos.com"
"764","https://finance.yahoo.com/quote/SPNE","http://www.seaspine.com"
"765","https://finance.yahoo.com/quote/SGEN","http://www.seattlegenetics.com"
"766","https://finance.yahoo.com/quote/EYES","http://www.secondsight.com"
"768","https://finance.yahoo.com/quote/SECO","http://www.secoo.com"
"769","https://finance.yahoo.com/quote/SCWX","http://www.secureworks.com"
"770","https://finance.yahoo.com/quote/SNFCA","http://www.securitynational.com"
"771","https://finance.yahoo.com/quote/SEEL","http://www.seelostx.com"
"772","https://finance.yahoo.com/quote/SEIC","http://www.seic.com"
"773","https://finance.yahoo.com/quote/SLCT","http://www.selectbank.com"
"774","https://finance.yahoo.com/quote/SIC","http://www.selectinteriorconcepts.com"
"775","https://finance.yahoo.com/quote/SELB","http://selectabio.com"
"776","https://finance.yahoo.com/quote/SIGI","http://www.Selective.com"
"777","https://finance.yahoo.com/quote/SLS","http://www.sellaslifesciences.com"
"778","https://finance.yahoo.com/quote/LEDS","http://www.semileds.com"
"779","https://finance.yahoo.com/quote/SMTC","http://www.semtech.com"
"780","https://finance.yahoo.com/quote/SENEA","http://www.senecafoods.com"
"781","https://finance.yahoo.com/quote/SENEB","http://www.senecafoods.com"
"782","https://finance.yahoo.com/quote/SNES","http://senestech.com"
"783","https://finance.yahoo.com/quote/SNH","http://www.snhreit.com"
"785","https://finance.yahoo.com/quote/SNHNL","http://www.snhreit.com"
"786","https://finance.yahoo.com/quote/AIHS","http://www.ihongsen.com"
"789","https://finance.yahoo.com/quote/STNL","http://sentinelenergyservices.com"
"790","https://finance.yahoo.com/quote/STNLU","http://sentinelenergyservices.com"
"792","https://finance.yahoo.com/quote/SQBG","http://www.sequentialbrandsgroup.com"
"793","https://finance.yahoo.com/quote/MCRB","http://www.serestherapeutics.com"
"794","https://finance.yahoo.com/quote/SREV","http://www.servicesource.com"
"795","https://finance.yahoo.com/quote/SFBS","http://www.servisfirstbank.com"
"796","https://finance.yahoo.com/quote/SESN","http://www.sesenbio.com"
"797","https://finance.yahoo.com/quote/SVBI","http://www.severnbank.com"
"798","https://finance.yahoo.com/quote/SGBX","http://www.sgblocks.com"
"799","https://finance.yahoo.com/quote/SGOC","http://www.sgocogroup.com"
"800","https://finance.yahoo.com/quote/SMED","http://www.sharpsinc.com"
"801","https://finance.yahoo.com/quote/SHSP","http://sharpspring.com"
"802","https://finance.yahoo.com/quote/SHEN","http://www.shentel.com"
"803","https://finance.yahoo.com/quote/PIXY","http://www.shiftpixy.com"
"804","https://finance.yahoo.com/quote/SHLO","http://www.shiloh.com"
"805","https://finance.yahoo.com/quote/TYHT","http://www.tianyiluobuma.com"
"806","https://finance.yahoo.com/quote/SWAV","http://www.shockwavemedical.com"
"807","https://finance.yahoo.com/quote/SCVL","http://www.shoecarnival.com"
"808","https://finance.yahoo.com/quote/SHBI","http://www.shoreunitedbank.com"
"809","https://finance.yahoo.com/quote/SSTI","http://www.shotspotter.com"
"810","https://finance.yahoo.com/quote/SFLY","http://www.shutterflyinc.com"
"811","https://finance.yahoo.com/quote/SIBN","http://si-bone.com"
"812","https://finance.yahoo.com/quote/SIEB","http://www.siebertnet.com"
"813","https://finance.yahoo.com/quote/SNNA","http://www.siennabio.com"
"814","https://finance.yahoo.com/quote/SIEN","http://sientra.com"
"815","https://finance.yahoo.com/quote/BSRR","http://www.sierrabancorp.com"
"816","https://finance.yahoo.com/quote/SRRA","http://www.sierraoncology.com"
"817","https://finance.yahoo.com/quote/SWIR","http://www.sierrawireless.com"
"818","https://finance.yahoo.com/quote/SIFY","http://www.sifytechnologies.com"
"819","https://finance.yahoo.com/quote/SIGA","http://www.siga.com"
"820","https://finance.yahoo.com/quote/SGLB","http://www.sigmalabsinc.com"
"822","https://finance.yahoo.com/quote/SGMA","http://www.sigmatronintl.com"
"823","https://finance.yahoo.com/quote/SBNY","http://www.signatureny.com"
"824","https://finance.yahoo.com/quote/SLGN","http://www.silganholdings.com"
"825","https://finance.yahoo.com/quote/SILC","http://www.silicom-usa.com"
"826","https://finance.yahoo.com/quote/SLAB","http://www.silabs.com"
"827","https://finance.yahoo.com/quote/SIMO","http://www.siliconmotion.com"
"828","https://finance.yahoo.com/quote/SILK","http://silkroadmed.com"
"829","https://finance.yahoo.com/quote/SAMG","http://www.silvercrestgroup.com"
"830","https://finance.yahoo.com/quote/SSNT","http://www.silversuntech.com"
"831","https://finance.yahoo.com/quote/SFNC","http://www.simmonsbank.com"
"832","https://finance.yahoo.com/quote/SLP","http://www.simulations-plus.com"
"833","https://finance.yahoo.com/quote/SINA","http://www.sina.com"
"834","https://finance.yahoo.com/quote/SBGI","http://www.sbgi.net"
"835","https://finance.yahoo.com/quote/SINO","http://www.sino-global.com"
"837","https://finance.yahoo.com/quote/SINT","http://www.sintx.com"
"838","https://finance.yahoo.com/quote/SG","http://www.siriusgroup.com"
"839","https://finance.yahoo.com/quote/SIRI","http://www.siriusxm.com"
"840","https://finance.yahoo.com/quote/SITO","http://www.sitomobile.com"
"841","https://finance.yahoo.com/quote/SKYS","http://www.skysolarholdings.com"
"842","https://finance.yahoo.com/quote/SKYW","http://inc.skywest.com"
"843","https://finance.yahoo.com/quote/SWKS","http://www.skyworksinc.com"
"844","https://finance.yahoo.com/quote/SNBR","http://www.sleepnumber.com"
"845","https://finance.yahoo.com/quote/SLM","http://www.salliemae.com"
"846","https://finance.yahoo.com/quote/SLMBP","http://www.salliemae.com"
"847","https://finance.yahoo.com/quote/SGH","http://www.smartm.com"
"848","https://finance.yahoo.com/quote/SND","http://www.smartsand.com"
"849","https://finance.yahoo.com/quote/SMBK","http://www.smartfinancialinc.com"
"850","https://finance.yahoo.com/quote/SMSI","http://www.smithmicro.com"
"851","https://finance.yahoo.com/quote/SMTX","http://www.smtc.com"
"852","https://finance.yahoo.com/quote/SRAX","http://www.srax.com"
"853","https://finance.yahoo.com/quote/SCKT","http://www.socketmobile.com"
"855","https://finance.yahoo.com/quote/SOHU","http://www.sohu.com"
"856","https://finance.yahoo.com/quote/SLRC","http://www.solarcapltd.com"
"857","https://finance.yahoo.com/quote/SUNS","http://www.solarseniorcap.com"
"858","https://finance.yahoo.com/quote/SEDG","http://www.solaredge.com"
"859","https://finance.yahoo.com/quote/SLNO","http://www.soleno.life"
"860","https://finance.yahoo.com/quote/SLNOW","http://www.soleno.life"
"861","https://finance.yahoo.com/quote/SLGL","http://www.sol-gel.com"
"862","https://finance.yahoo.com/quote/SLDB","http://www.solidbio.com"
"863","https://finance.yahoo.com/quote/SNGX","http://www.soligenix.com"
"865","https://finance.yahoo.com/quote/SOLY","http://www.soliton.com"
"866","https://finance.yahoo.com/quote/SONM","http://www.sonimtech.com"
"867","https://finance.yahoo.com/quote/SNOA","http://www.sonomapharma.com"
"869","https://finance.yahoo.com/quote/SONO","http://www.sonos.com"
"870","https://finance.yahoo.com/quote/SPHS","http://www.sophirisbio.com"
"871","https://finance.yahoo.com/quote/SORL","http://www.sorl.cn"
"872","https://finance.yahoo.com/quote/SRNE","http://www.sorrentotherapeutics.com"
"873","https://finance.yahoo.com/quote/SOHO","http://www.sotherlyhotels.com"
"874","https://finance.yahoo.com/quote/SOHOB","http://www.sotherlyhotels.com"
"875","https://finance.yahoo.com/quote/SOHON","http://www.sotherlyhotels.com"
"876","https://finance.yahoo.com/quote/SOHOO","http://www.sotherlyhotels.com"
"877","https://finance.yahoo.com/quote/SFBC","http://www.soundcb.com"
"878","https://finance.yahoo.com/quote/SPFI","http://www.city.bank"
"879","https://finance.yahoo.com/quote/SSB","http://www.southstatebank.com"
"881","https://finance.yahoo.com/quote/SMBC","http://www.bankwithsouthern.com"
"882","https://finance.yahoo.com/quote/SONA","http://www.sonabank.com"
"883","https://finance.yahoo.com/quote/SBSI","http://www.southside.com"
"884","https://finance.yahoo.com/quote/SY","http://www.soyoung.com"
"885","https://finance.yahoo.com/quote/SP","http://www.spplus.com"
"886","https://finance.yahoo.com/quote/SGRP","http://www.sparinc.com"
"887","https://finance.yahoo.com/quote/SPKE","http://www.sparkenergy.com"
"888","https://finance.yahoo.com/quote/SPKEP","http://www.sparkenergy.com"
"889","https://finance.yahoo.com/quote/ONCE","http://www.sparktx.com"
"890","https://finance.yahoo.com/quote/SPAR","http://www.spartanmotors.com"
"891","https://finance.yahoo.com/quote/SPTN","http://www.spartannash.com"
"893","https://finance.yahoo.com/quote/SPPI","http://www.sppirx.com"
"894","https://finance.yahoo.com/quote/SPRO","http://sperotherapeutics.com"
"895","https://finance.yahoo.com/quote/ANY","http://www.sphere3d.com"
"896","https://finance.yahoo.com/quote/SPEX","http://www.spherix.com"
"897","https://finance.yahoo.com/quote/SPI","http://investors.spisolar.com"
"898","https://finance.yahoo.com/quote/SAVE","http://www.spirit.com"
"899","https://finance.yahoo.com/quote/STXB","http://www.sotb.com"
"900","https://finance.yahoo.com/quote/SPLK","http://www.splunk.com"
"901","https://finance.yahoo.com/quote/SPOK","http://www.spok.com"
"902","https://finance.yahoo.com/quote/SPWH","http://www.sportsmans.com"
"903","https://finance.yahoo.com/quote/SBPH","http://www.springbankpharm.com"
"904","https://finance.yahoo.com/quote/FUND","http://sprottfocustrust.com"
"905","https://finance.yahoo.com/quote/SFM","http://www.sprouts.com"
"906","https://finance.yahoo.com/quote/SPSC","http://www.spscommerce.com"
"907","https://finance.yahoo.com/quote/SSNC","http://www.ssctech.com"
"908","https://finance.yahoo.com/quote/SSRM","http://www.ssrmining.com"
"909","https://finance.yahoo.com/quote/STAA","http://www.staar.com"
"910","https://finance.yahoo.com/quote/STAF","http://www.staffing360solutions.com"
"911","https://finance.yahoo.com/quote/STMP","http://www.stamps.com"
"912","https://finance.yahoo.com/quote/STND","http://www.standardbankpa.com"
"913","https://finance.yahoo.com/quote/SBLK","http://www.starbulk.com"
"915","https://finance.yahoo.com/quote/SBUX","http://www.starbucks.com"
"917","https://finance.yahoo.com/quote/MITO","http://www.stealthbt.com"
"918","https://finance.yahoo.com/quote/GASS","http://www.stealthgas.com"
"919","https://finance.yahoo.com/quote/STCN","http://www.moduslink.com"
"920","https://finance.yahoo.com/quote/STLD","http://www.steeldynamics.com"
"921","https://finance.yahoo.com/quote/SMRT","http://www.steinmart.com"
"922","https://finance.yahoo.com/quote/SBOT","http://www.stellarbiotechnologies.com"
"923","https://finance.yahoo.com/quote/STML","http://www.stemline.com"
"924","https://finance.yahoo.com/quote/SRCL","http://www.stericycle.com"
"925","https://finance.yahoo.com/quote/SBT","http://www.sterlingbank.com"
"926","https://finance.yahoo.com/quote/STRL","http://www.strlco.com"
"927","https://finance.yahoo.com/quote/SHOO","http://www.stevemadden.com"
"928","https://finance.yahoo.com/quote/SSFN","http://www.asbnow.bank"
"929","https://finance.yahoo.com/quote/SFIX","http://www.stitchfix.com"
"930","https://finance.yahoo.com/quote/SYBT","http://www.syb.com"
"931","https://finance.yahoo.com/quote/BANX","http://www.stonecastle-financial.com"
"932","https://finance.yahoo.com/quote/STNE","http://www.stone.co"
"933","https://finance.yahoo.com/quote/SSKN","http://www.strataskinsciences.com"
"934","https://finance.yahoo.com/quote/SSYS","http://www.stratasys.com"
"935","https://finance.yahoo.com/quote/STRA","http://www.strategiceducation.com"
"937","https://finance.yahoo.com/quote/STRT","http://www.strattec.com"
"938","https://finance.yahoo.com/quote/STRS","http://www.stratusproperties.com"
"939","https://finance.yahoo.com/quote/STRM","http://www.streamlinehealth.net"
"940","https://finance.yahoo.com/quote/SBBP","http://www.strongbridgebio.com"
"941","https://finance.yahoo.com/quote/SUMR","http://www.summerinfant.com"
"942","https://finance.yahoo.com/quote/SMMF","http://www.summitfgi.com"
"943","https://finance.yahoo.com/quote/SSBI","http://www.summitstatebank.com"
"944","https://finance.yahoo.com/quote/SMMT","http://www.summitplc.com"
"945","https://finance.yahoo.com/quote/WISA","http://www.summitwireless.com"
"946","https://finance.yahoo.com/quote/SNHY","http://www.heliostechnologies.com"
"947","https://finance.yahoo.com/quote/SNDE","http://www.sundanceenergy.com.au"
"948","https://finance.yahoo.com/quote/SNSS","http://www.sunesis.com"
"949","https://finance.yahoo.com/quote/STKL","http://www.sunopta.com"
"950","https://finance.yahoo.com/quote/SPWR","http://global.sunpower.com"
"951","https://finance.yahoo.com/quote/RUN","http://www.sunrun.com"
"952","https://finance.yahoo.com/quote/SUNW","http://sunworksusa.com"
"953","https://finance.yahoo.com/quote/SLGG","http://www.superleague.com"
"954","https://finance.yahoo.com/quote/SPCB","http://www.supercom.com"
"955","https://finance.yahoo.com/quote/SCON","http://www.suptech.com"
"956","https://finance.yahoo.com/quote/SGC","http://superiorgroupofcompanies.com"
"957","https://finance.yahoo.com/quote/SUPN","http://www.supernus.com"
"958","https://finance.yahoo.com/quote/SPRT","http://www.support.com"
"959","https://finance.yahoo.com/quote/SURF","http://www.surfaceoncology.com"
"960","https://finance.yahoo.com/quote/SGRY","http://www.surgerypartners.com"
"961","https://finance.yahoo.com/quote/SRDX","http://www.surmodics.com"
"962","https://finance.yahoo.com/quote/STRO","http://www.sutrobio.com"
"963","https://finance.yahoo.com/quote/SIVB","http://www.svb.com"
"964","https://finance.yahoo.com/quote/SVMK","http://www.surveymonkey.com"
"965","https://finance.yahoo.com/quote/SYKE","http://www.sykes.com"
"966","https://finance.yahoo.com/quote/SYMC","http://www.symantec.com"
"967","https://finance.yahoo.com/quote/SYNC","http://www.synacor.com"
"968","https://finance.yahoo.com/quote/SYNL","http://www.synalloy.com"
"969","https://finance.yahoo.com/quote/SYNA","http://www.synaptics.com"
"970","https://finance.yahoo.com/quote/SNCR","http://www.synchronoss.com"
"971","https://finance.yahoo.com/quote/SNDX","http://www.syndax.com"
"972","https://finance.yahoo.com/quote/SYNH","http://www.syneoshealth.com"
"973","https://finance.yahoo.com/quote/SYBX","http://www.synlogictx.com"
"974","https://finance.yahoo.com/quote/SNPS","http://www.synopsys.com"
"975","https://finance.yahoo.com/quote/SES","http://www.synthesisenergy.com"
"976","https://finance.yahoo.com/quote/THOR","http://www.synthorx.com"
"977","https://finance.yahoo.com/quote/SYPR","http://www.sypris.com"
"978","https://finance.yahoo.com/quote/SYRS","http://www.syros.com"
"979","https://finance.yahoo.com/quote/TROW","http://www.troweprice.com"
"980","https://finance.yahoo.com/quote/TTOO","http://www.t2biosystems.com"
"981","https://finance.yahoo.com/quote/TRHC","http://www.tabularasahealthcare.com"
"982","https://finance.yahoo.com/quote/TCMD","http://www.tactilemedical.com"
"983","https://finance.yahoo.com/quote/TAIT","http://www.taitroncomponents.com"
"984","https://finance.yahoo.com/quote/TLC","http://www.tlcbio.com"
"985","https://finance.yahoo.com/quote/TTWO","http://www.take2games.com"
"986","https://finance.yahoo.com/quote/TLND","http://www.talend.com"
"987","https://finance.yahoo.com/quote/TNDM","http://www.tandemdiabetes.com"
"988","https://finance.yahoo.com/quote/TLF","http://www.tandyleather.com"
"989","https://finance.yahoo.com/quote/TANH","http://www.tantech.cn"
"990","https://finance.yahoo.com/quote/TAOP","http://www.taop.com"
"991","https://finance.yahoo.com/quote/TEDU","http://ir.tarena.com.cn"
"992","https://finance.yahoo.com/quote/TH","http://www.targethospitality.com"
"994","https://finance.yahoo.com/quote/TRNX","http://www.taronistech.com"
"995","https://finance.yahoo.com/quote/TATT","http://www.tat-technologies.com"
"996","https://finance.yahoo.com/quote/TAYD","http://www.taylordevices.com"
"997","https://finance.yahoo.com/quote/CGBD","http://www.carlyle.co.in/our-business/carlyle-gms-finance-inc"
"998","https://finance.yahoo.com/quote/TCRR","http://www.tcr2.com"
"999","https://finance.yahoo.com/quote/AMTD","http://www.amtd.com"
"1000","https://finance.yahoo.com/quote/PETZ","http://www.tdhpetfood.com"
