"","wiki_company","companylist_name"
"1","Primoris Services Corporation",""
"2","Dunkin' Brands",""
"3","Werner Enterprises",""
"4","Commvault",""
"5","Akamai Technologies",""
"6","PacSun",""
"7","Aerie Pharmaceuticals",""
"8","Northern Trust",""
"9","Expedia Group","Expedia Group, Inc."
"10","Opera Software",""
"11","BioMarin Pharmaceutical",""
"12","California First National Bancorp",""
"13","Mindbody Inc.",""
"14","JD.com","JD.com, Inc."
"15","Papa John's Pizza",""
"16","Syneos Health",""
"17","Logitech","Logitech International S.A."
"18","Qlik",""
"19","Delcath Systems",""
"20","Leading Brands",""
"21","NxStage",""
"22","Weibo (company)",""
"23","Overland Storage",""
"24","Advanced Micro Devices",""
"25","Smith Micro Software",""
"26","Tractor Supply Company",""
"27","Kite Pharma",""
"28","Intellia Therapeutics","Intellia Therapeutics, Inc."
"29","AmTrust Financial Services",""
"30","Nvidia",""
"31","Clavister",""
"32","BioLineRx",""
"33","Pinnacle Financial Partners",""
"34","Zhone Technologies",""
"35","Ceragon",""
"36","Halydean Corporation",""
"37","Hasbro","Hasbro, Inc."
"38","Qualstar",""
"39","Berry Petroleum Company",""
"40","Morningstar, Inc.",""
"41","FirstService","FirstService Corporation"
"42","Mattson Technology",""
"43","Sirius XM Satellite Radio",""
"44","Kohlberg & Company",""
"45","Altair Engineering",""
"46","Net Element",""
"47","Otelco",""
"48","NBT Bank",""
"49","EchoStar",""
"50","Amdocs",""
"51","Radisys",""
"52","Lattice Semiconductor","Lattice Semiconductor Corporation"
"53","Microsoft",""
"54","Discovery, Inc.",""
"55","Bombardier Recreational Products",""
"56","Equinix","Equinix, Inc."
"57","MFRI",""
"58","Nutrisystem",""
"59","Harmonic Inc.","Harmonic Inc."
"60","Fastenal","Fastenal Company"
"61","Optical Cable Corporation",""
"62","Crocs",""
"63","Weyco Group",""
"64","First Guaranty Bank",""
"65","Enphase Energy","Enphase Energy, Inc."
"66","Intercept Pharmaceuticals","Intercept Pharmaceuticals, Inc."
"67","Pizza Inn",""
"68","Biogen",""
"69","Pluristem Therapeutics",""
"70","Westport Innovations",""
"71","Fortinet","Fortinet, Inc."
"72","ALCO Stores",""
"73","American Superconductor",""
"74","Sinclair Broadcast Group",""
"75","Booking Holdings",""
"76","Category:Costco",""
"77","Ku6 Media",""
"78","Caladrius Biosciences",""
"79","IAC (company)","IAC/InterActiveCorp"
"80","TechFaith",""
"81","China Housing and Land Development",""
"82","I.D. Systems","I.D. Systems, Inc."
"83","Galapagos NV","Galapagos NV"
"84","Pacific Biosciences",""
"85","Auburn National Bancorporation",""
"86","VWR International",""
"87","Conn's",""
"88","BJ's Restaurants",""
"89","Momo (software)",""
"90","B.O.S. Better Online Solutions",""
"91","United Natural Foods",""
"92","China Sunergy",""
"93","Splunk",""
"94","Infinera","Infinera Corporation"
"95","Entegris","Entegris, Inc."
"96","First Hawaiian Bank",""
"97","Vista Bank",""
"98","Category:Companies formerly listed on NASDAQ",""
"99","SkyWest, Inc.",""
"100","Nova Measuring Instruments",""
"101","Bilibili",""
"102","2U (company)",""
"103","Eyenovia","Eyenovia, Inc."
"104","BGC Partners",""
"105","Cypress Semiconductor",""
"106","Texas Roadhouse",""
"107","Denny's",""
"108","Meridian Bioscience",""
"109","Providence Service Corporation",""
"110","Sina Corp",""
"111","Cumulus Media",""
"112","Xilinx",""
"113","UMB Financial Corporation",""
"114","Old National Bank",""
"115","Trevena Inc",""
"116","Category:Tucows",""
"117","FLIR Systems","FLIR Systems, Inc."
"118","Royal Gold",""
"119","EBay",""
"120","Energy Recovery",""
"121","The Cheesecake Factory",""
"122","N-Shares",""
"123","Ericsson","Ericsson"
"124","Acorda Therapeutics",""
"125","Iridium Communications","Iridium Communications Inc"
"126","Natera",""
"127","First Interstate BancSystem","First Interstate BancSystem, Inc."
"128","Sleep Number",""
"129","ADTRAN",""
"130","Eldorado Resorts",""
"131","International Speedway","International Speedway Corporation"
"132","Verisign",""
"133","Allscripts",""
"134","Beasley Broadcast Group",""
"135","ImmunoGen","ImmunoGen, Inc."
"136","Kona Grill",""
"137","Nutanix",""
"138","U.S. Concrete, Inc",""
"139","Avis Budget Group",""
"140","Daegis Inc.",""
"141","Electronic Arts",""
"142","Ambassadors Group",""
"143","Empire Resorts",""
"144","Advanced Energy",""
"145","Ambit Biosciences",""
"146","Catalyst Pharmaceuticals",""
"147","Wilhelmina Models",""
"148","LogMeIn","LogMein, Inc."
"149","Zions Bancorporation",""
"150","Blue Hills Bank",""
"151","HomeStreet Bank",""
"152","Qurate Retail Group",""
"153","Sanmina Corporation",""
"154","ADP (company)",""
"155","Interface, Inc.","Interface, Inc."
"156","Perion Network",""
"157","Blucora",""
"158","Virtusa",""
"159","Masimo",""
"160","Maxim Integrated",""
"161","Inovalon","Inovalon Holdings, Inc."
"162","Value Line",""
"163","Cinedigm",""
"164","Northwest Bank",""
"165","Brightcove",""
"166","Skyworks Solutions",""
"167","SPS Commerce",""
"168","TrustCo Bank",""
"169","Zagg",""
"170","CSX Corporation",""
"171","NXP Semiconductors",""
"172","Orbotech",""
"173","Bioverativ",""
"174","Pluralsight",""
"175","CollabRx",""
"176","Tesla, Inc.",""
"177","Fossil Group","Fossil Group, Inc."
"178","RGC Resources",""
"179","Criteo",""
"180","RF Micro Devices",""
"181","Cornerstone OnDemand",""
"182","Emmis Communications",""
"183","WSFS Bank",""
"184","Metro City Bank",""
"185","Sandy Spring Bank",""
"186","T. Rowe Price",""
"187","Endurance International Group",""
"188","Henry Schein","Henry Schein, Inc."
"189","FBR Capital Markets",""
"190","Nasdaq, Inc.",""
"191","Photronics Inc",""
"192","Fairway Market",""
"193","Cree Inc.",""
"194","NuVasive",""
"195","Blackline (software company)",""
"196","Rubicon Technology",""
"197","R1 RCM",""
"198","Koss Corporation","Koss Corporation"
"199","Texas Instruments",""
"200","Applied Micro Circuits Corporation",""
"201","Intuitive Surgical","Intuitive Surgical, Inc."
"202","Pegasystems",""
"203","Ituran","Ituran Location and Control Ltd."
"204","Silicon Labs",""
"205","Northwest Biotherapeutics",""
"206","Active Power",""
"207","Allegiant Air",""
"208","MDC Partners",""
"209","China Biologic Products",""
"210","Netlist (company)",""
"211","Encore Capital Group",""
"212","Così (restaurant)",""
"213","American National Insurance Company",""
"214","Health Insurance Innovations","Health Insurance Innovations, Inc."
"215","PMC-Sierra",""
"216","Texas Capital Bank",""
"217","Innospec","Innospec Inc."
"218","Mastech Digital",""
"219","WD-40 Company",""
"220","First Citizens BancShares","First Citizens BancShares, Inc."
"221","LRAD Corporation","LRAD Corporation"
"222","Dynamic Materials Corporation",""
"223","Altra Industrial Motion",""
"224","Key Tronic","Key Tronic Corporation"
"225","The Wendy's Company",""
"226","Viasat, Inc.",""
"227","International Bank of Commerce",""
"228","Papa Murphy's",""
"229","Descartes Systems Group",""
"230","Category:Companies in the NASDAQ Financial-100 Index",""
"231","Alkermes (company)",""
"232","El Pollo Loco",""
"233","CorVel Corporation",""
"234","InterDigital","InterDigital, Inc."
"235","Navient Corporation",""
"236","Simulations Plus",""
"237","CDW",""
"238","Pacific City Bank",""
"239","OPKO Health",""
"240","Kingstone Companies","Kingstone Companies, Inc"
"241","Digi International",""
"242","Enzon Pharmaceuticals",""
"243","Calavo Growers",""
"244","HomeTrust Bancshares","HomeTrust Bancshares, Inc."
"245","Siliconware Precision Industries",""
"246","Smart Balance",""
"247","Brighthouse Financial",""
"248","Clean Diesel Technologies",""
"249","Farmer Brothers","Farmer Brothers Company"
"250","SIGA Technologies",""
"251","BioCryst Pharmaceuticals",""
"252","Gilat Satellite Networks","Gilat Satellite Networks Ltd."
"253","ACI Worldwide",""
"254","Mattel",""
"255","Tilray",""
"256","ILG, Inc.",""
"257","Alarm.com",""
"258","CME Group",""
"259","Qutoutiao",""
"260","The Carlyle Group",""
"261","MercadoLibre",""
"262","Sierra Wireless",""
"263","Education Management Corporation",""
"264","Acorn Energy",""
"265","Cytosorbents Corporation",""
"266","IberiaBank","IBERIABANK Corporation"
"267","Cimatron",""
"268","Citrix Systems",""
"269","The9",""
"270","SMTC Corporation",""
"271","Willamette Valley Vineyards",""
"272","Gogo Inflight Internet",""
"273","Category:Viacom",""
"274","First Financial Bank (Ohio)","First Financial Bankshares, Inc."
"275","J.W. Mays",""
"276","Schnitzer Steel Industries",""
"277","Applied Materials",""
"278","Great Lakes Dredge and Dock Company",""
"279","Exa Corporation","Exact Sciences Corporation"
"280","Dish Network",""
"281","Impinj","Impinj, Inc."
"282","Funko","Funko, Inc."
"283","Partner Communications Company",""
"284","American Woodmark",""
"285","Immunomedics","Immunomedics, Inc."
"286","Commercial Vehicle Group",""
"287","Rockwell Medical",""
"288","Avadel Pharmaceuticals",""
"289","Sterling Bank (Texas)",""
"290","Avid Technology",""
"291","ManTech International",""
"292","WesBanco",""
"293","Sonos",""
"294","TeleNav",""
"295","Adverum Biotechnologies",""
"296","Cellectis",""
"297","Stericycle",""
"298","Dollar Tree",""
"299","Category:Comcast",""
"300","Odyssey Marine Exploration",""
"301","First Solar","First Solar, Inc."
"302","Sykes Enterprises",""
"303","Dropbox (service)",""
"304","Golden Ocean Group","Golden Ocean Group Limited"
"305","Ultralife Corporation",""
"306","Itron","Itron, Inc."
"307","Bravo Brio Restaurant Group",""
"308","Endo International plc",""
"309","NetScout Systems",""
"310","Extreme Networks","Extreme Networks, Inc."
"311","EverQuote","EverQuote, Inc."
"312","PepsiCo",""
"313","Synaptics",""
"314","RADA Electronic Industries",""
"315","Amarin Corporation",""
"316","Synopsys",""
"317","Amazon (company)",""
"318","Aware, Inc.",""
"319","Editas Medicine",""
"320","MannKind Corporation",""
"321","Wix.com",""
"322","Jack in the Box","Jack In The Box Inc."
"323","LegacyTexas Bank",""
"324","MWI Veterinary Supply",""
"325","Arcturus Therapeutics",""
"326","Expeditors International","Expeditors International of Washington, Inc."
"327","OpenText",""
"328","Coherent, Inc.",""
"329","Moderna",""
"330","Sigma Designs",""
"331","FuelCell Energy","FuelCell Energy, Inc."
"332","Exelixis","Exelixis, Inc."
"333","Urban Outfitters",""
"334","Westamerica Bank",""
"335","Hancock Whitney","Hancock Whitney Corporation"
"336","GreenSky","GreenSky, Inc."
"337","Core-Mark",""
"338","Banc of California",""
"339","Innodata","Innodata Inc."
"340","Pattern Energy",""
"341","RTI Surgical",""
"342","Arotech Corporation",""
"343","Caesarstone",""
"344","Stein Mart",""
"345","Ceva (semiconductor company)",""
"346","Lincoln Electric","Lincoln Electric Holdings, Inc."
"347","Advaxis",""
"348","Edgewater Technology",""
"349","Trimble (company)",""
"350","Global Sources",""
"351","Bsquare corporation",""
"352","B Communications",""
"353","Orexigen Therapeutics",""
"354","Orthopediatrics",""
"355","Nordson Corporation",""
"356","Euronet Worldwide","Euronet Worldwide, Inc."
"357","Echelon Corporation",""
"358","EXFO","EXFO Inc"
"359","Tellurian Inc",""
"360","Travelzoo",""
"361","Wingstop",""
"362","Amkor Technology",""
"363","Align Technology",""
"364","EXL Service",""
"365","Famous Dave's",""
"366","Kornit Digital","Kornit Digital Ltd."
"367","AmeriServ Financial",""
"368","Facebook","Facebook, Inc."
"369","Dave & Buster's",""
"370","Cincinnati Financial",""
"371","El Pollo Loco (United States)",""
"372","EPlus","ePlus inc."
"373","Monroe Bank & Trust",""
"374","Century Casinos",""
"375","VEON",""
"376","The York Water Company",""
"377","TTEC",""
"378","United Financial Bancorp",""
"379","Silicom",""
"380","Broadvision",""
"381","Ultratech",""
"382","Affymetrix",""
"383","Rosetta Genomics",""
"384","TechTarget",""
"385","Principal Financial Group",""
"386","Haynes International","Haynes International, Inc."
"387","First Merchants Corporation","First Merchants Corporation"
"388","Luminex Corporation","Luminex Corporation"
"389","Internap","Internap Corporation"
"390","Upwork",""
"391","Vivus",""
"392","Extended Stay America","Extended Stay America, Inc."
"393","Home Shopping Network",""
"394","Nektar Therapeutics",""
"395","Colliers International",""
"396","Silgan Holdings",""
"397","Vera Bradley",""
"398","Western Digital",""
"399","Axon (company)",""
"400","Kraft Heinz",""
"401","Daseke Inc.",""
"402","Yandex",""
"403","YRC Worldwide",""
"404","Materialise NV",""
"405","Spectrum Pharmaceuticals",""
"406","FireEye","FireEye, Inc."
"407","CBB Bank",""
"408","Bebe Stores",""
"409","AMC Networks",""
"410","Antenna Products Corporation",""
"411","DocuSign",""
"412","Sabre Corporation",""
"413","Aixtron",""
"414","Compugen (Israeli company)",""
"415","Quidel Corporation",""
"416","Tucows",""
"417","ChinaCache",""
"418","Real Goods Solar",""
"419","Blackhawk Network Holdings",""
"420","Imperva",""
"421","NIC Inc.",""
"422","Independent Bank (Michigan)","Independent Bank Corp."
"423","UTStarcom",""
"424","Intersect ENT","Intersect ENT, Inc."
"425","Catabasis Pharmaceuticals",""
"426","CECO Environmental",""
"427","Everspin Technologies","Everspin Technologies, Inc."
"428","Nexstar Media Group",""
"429","Xcel Energy",""
"430","First Internet Bancorp","First Internet Bancorp"
"431","ReWalk",""
"432","Vicor Corporation",""
"433","Groupon","Groupon, Inc."
"434","Busey Bank",""
"435","IQiyi","iQIYI, Inc."
"436","Clean Edge Green Energy",""
"437","Westell",""
"438","Ceres, Inc.",""
"439","The Eastern Company",""
"440","Cirrus Logic",""
"441","Analog Devices",""
"442","Dexcom",""
"443","Luna Innovations","Luna Innovations Incorporated"
"444","GTx Incorporated",""
"445","Titan Pharmaceuticals",""
"446","SpartanNash",""
"447","Gravity (company)","GRAVITY Co., Ltd."
"448","Qumu Corporation",""
"449","Vuzix",""
"450","NICE Ltd.",""
"451","Actuate Corporation",""
"452","Grupo Financiero Galicia","Grupo Financiero Galicia S.A."
"453","Daily Journal Corporation",""
"454","Reliant Bancorp",""
"455","Central European Media Enterprises",""
"456","GW Pharmaceuticals","GW Pharmaceuticals Plc"
"457","Trivago",""
"458","Reata Pharmaceuticals",""
"459","Fidelity Southern Corporation","Fidelity Southern Corporation"
"460","MainSource Bank",""
"461","Comcast",""
"462","Brooks Automation",""
"463","Commercial National Financial",""
"464","Dentsply Sirona",""
"465","IRobot","iRobot Corporation"
"466","Actions Semiconductor",""
"467","SEI Investments Company",""
"468","Turtle Beach Corporation",""
"469","Ansys",""
"470","O'Reilly Auto Parts",""
"471","Everbridge","Everbridge, Inc."
"472","Hawaiian Holdings","Hawaiian Holdings, Inc."
"473","Coca-Cola Bottling Co. Consolidated",""
"474","NetEase",""
"475","Mavenir",""
"476","TAT Technologies",""
"477","Washington Federal",""
"478","Copart",""
"479","T-Mobile US",""
"480","Farmington Bank",""
"481","Liberty Tax Service",""
"482","Repligen",""
"483","Galena Biopharma",""
"484","Ruth's Hospitality Group",""
"485","Lululemon Athletica","lululemon athletica inc."
"486","National Instruments",""
"487","Formula Systems","Formula Systems (1985) Ltd."
"488","NantHealth",""
"489","PC Connection",""
"490","Alliance MMA",""
"491","Viavi Solutions",""
"492","ReachLocal",""
"493","Vertex Pharmaceuticals",""
"494","Abengoa",""
"495","Computer Task Group",""
"496","Green Bank (Texas)",""
"497","Scientific Games Corporation",""
"498","Destination Maternity",""
"499","Sterling Bancorp",""
"500","PotlatchDeltic",""
"501","Grand Canyon Education","Grand Canyon Education, Inc."
"502","Chuy's",""
"503","JetBlue","JetBlue Airways Corporation"
"504","Cognizant",""
"505","Andatee China Marine Fuel",""
"506","Home BancShares","Home BancShares, Inc."
"507","Lexicon Pharmaceuticals","Lexicon Pharmaceuticals, Inc."
"508","América Móvil",""
"509","The Children's Place",""
"510","West Marine",""
"511","Mellanox Technologies",""
"512","Electronics for Imaging",""
"513","Pixelworks",""
"514","Urban One",""
"515","LoveSac",""
"516","Acura Pharmaceuticals",""
"517","DavidsTea",""
"518","SSR Mining Inc.",""
"519","Zix Corp",""
"520","Hologic","Hologic, Inc."
"521","Regeneron",""
"522","Tuesday Morning",""
"523","Mackinac Financial Corporation",""
"524","Category:Scholastic Corporation",""
"525","Costco",""
"526","Steel Dynamics",""
"527","Take-Two Interactive",""
"528","Camden National Bank",""
"529","Electra Meccanica",""
"530","Medpace",""
"531","Bruker",""
"532","ON Semiconductor",""
"533","RealNetworks",""
"534","Walgreens Boots Alliance",""
"535","DSP Group",""
"536","Check Point",""
"537","Nature's Sunshine Products",""
"538","Canterbury Park",""
"539","Park City Group",""
"540","Icahn Enterprises","Icahn Enterprises L.P."
"541","West Corporation",""
"542","BankFinancial FSB",""
"543","Office Depot",""
"544","ClearSign Combustion",""
"545","The Meet Group",""
"546","Career Education Corporation",""
"547","Viacom",""
"548","Vodafone",""
"549","Radware",""
"550","Alphabet Inc.",""
"551","Ameris Bancorp",""
"552","Flex (company)","Flex Ltd."
"553","Noodles & Company",""
"554","Zynga",""
"555","The Pantry",""
"556","Remark Media",""
"557","Tower Semiconductor",""
"558","Bank of Hope",""
"559","Pepper Lunch",""
"560","SolarEdge",""
"561","SunPower",""
"562","Code Rebel",""
"563","Sequenom",""
"564","CHS Inc.",""
"565","Pacific Mercantile Bancorp",""
"566","J & J Snack Foods","J & J Snack Foods Corp."
"567","G&K Services",""
"568","Middleby Corporation",""
"569","South State Bank",""
"570","Etsy","Etsy, Inc."
"571","Verisk Analytics",""
"572","Stewart Enterprises",""
"573","Peak Resorts",""
"574","Mattersight Corporation",""
"575","E-Trade",""
"576","Roku, Inc.",""
"577","Hanmi Bank",""
"578","Canadian Solar",""
"579","Banner Bank",""
"580","GlobeImmune",""
"581","OncoMed",""
"582","Bassett Furniture",""
"583","Kimball International","Kimball International, Inc."
"584","Medivation",""
"585","Changyou.com",""
"586","Trans World Entertainment",""
"587","Ctrip",""
"588","1st Constitution Bancorp",""
"589","Mobile Mini",""
"590","Lyft",""
"591","MicroStrategy",""
"592","Commerce Bancshares",""
"593","Ascena Retail Group",""
"594","Rent-A-Center",""
"595","Seagate Technology",""
"596","SurveyMonkey",""
"597","Winmark",""
"598","Verint Systems",""
"599","Bio-Techne",""
"600","Allied Motion Technologies",""
"601","Progress Software",""
"602","Elbit Systems",""
"603","Royal Business Bank",""
"604","Sarepta Therapeutics",""
"605","Carbonite (online backup)",""
"606","Nathan's Famous",""
"607","BiondVax",""
"608","Allot",""
"609","Magyar Bank",""
"610","Zebra Technologies",""
"611","Capstone Turbine",""
"612","Intel","Intel Corporation"
"613","Marvell Technology Group",""
"614","Marriott International",""
"615","Chemical Financial Corporation",""
"616","VCA Animal Hospitals",""
"617","Category:Companies in the NASDAQ-100 Index",""
"618","UFP Technologies",""
"619","ASML Holding",""
"620","Mazor Robotics",""
"621","IPG Photonics","IPG Photonics Corporation"
"622","EarthLink",""
"623","Healthways",""
"624","Athenahealth",""
"625","National CineMedia",""
"626","Sallie Mae",""
"627","Caesars Entertainment Corporation",""
"628","Pinduoduo",""
"629","Patriot Transportation",""
"630","Diodes Incorporated",""
"631","First Community Bancshares",""
"632","Huazhu Hotels Group",""
"633","Liberty Media","Liberty Media Corporation"
"634","Open Bank",""
"635","Paylocity Corporation",""
"636","The Stars Group",""
"637","Quarterhill",""
"638","Internet Gold Golden Lines","Internet Gold Golden Lines Ltd."
"639","TravelCenters of America",""
"640","Charter Communications",""
"641","RAD Group",""
"642","PRA Health Sciences",""
"643","Jack Henry & Associates","Jack Henry & Associates, Inc."
"644","Freshpet","Freshpet, Inc."
"645","Incyte","Incyte Corporation"
"646","YogaWorks",""
"647","Charles & Colvard",""
"648","PAREXEL",""
"649","Helen of Troy Limited","Helen of Troy Limited"
"650","Polybona Films",""
"651","Microchip Technology",""
"652","Carver Bancorp",""
"653","Mondelez International",""
"654","Raven Industries",""
"655","Willis Towers Watson",""
"656","Silicon Motion",""
"657","Tesaro",""
"658","Beacon Roofing Supply",""
"659","Willdan Group",""
"660","Agilysys",""
"661","Powell Industries",""
"662","Cogentix Medical",""
"663","SS&C Technologies",""
"664","Genset Corporation",""
"665","EZCorp","EZCORP, Inc."
"666","Axovant Sciences",""
"667","AMAG Pharmaceuticals",""
"668","Monotype Imaging",""
"669","Foundation Medicine",""
"670","AAON",""
"671","AutoWeb",""
"672","Cascade Bancorp",""
"673","News Corp (2013–present)",""
"674","Cogent Communications",""
"675","First Federal Bank of the Midwest",""
"676","First Bancorp","First Bancorp"
"677","Mesa Air Group",""
"678","Organovo",""
"679","Wynn Resorts",""
"680","Perficient",""
"681","National Beverage",""
"682","Fulton Financial Corporation","Fulton Financial Corporation"
"683","United Continental Holdings",""
"684","Autodesk",""
"685","United Security Bancshares",""
"686","Lamar Advertising Company","Lamar Advertising Company"
"687","Monster Beverage",""
"688","GigaMedia Limited","GigaMedia Limited"
"689","Town Sports International Holdings",""
"690","Argo Group",""
"691","Air Methods",""
"692","Syntroleum",""
"693","NetApp",""
"694","National Research Corporation",""
"695","Goodyear Tire and Rubber Company",""
"696","Five Below","Five Below, Inc."
"697","Angie's List",""
"698","Olympic Steel",""
"699","Abiomed",""
"700","Paychex",""
"701","Overstock.com",""
"702","CarGurus",""
"703","The Fresh Market",""
"704","Netgear",""
"705","Alexion Pharmaceuticals",""
"706","Redfin",""
"707","United Community Bank",""
"708","Amicus Therapeutics",""
"709","Cytel",""
"710","Twin Disc",""
"711","CytRx",""
"712","Ballard Power Systems",""
"713","Axcelis Technologies",""
"714","Patterson Companies",""
"715","Pernix Therapeutics Holdings",""
"716","PriceSmart",""
"717","Ross Stores",""
"718","Carbon Black (company)",""
"719","Liberty Global","Liberty Global plc"
"720","Natural Alternatives International",""
"721","Stitch Fix",""
"722","Titan Machinery",""
"723","Capitol Federal Savings Bank",""
"724","EagleBank",""
"725","AppFolio",""
"726","OraSure Technologies",""
"727","Guaranty Federal Bancshares","Guaranty Federal Bancshares, Inc."
"728","TrueCar",""
"729","China Ceramics Co",""
"730","Voxx International",""
"731","Tech Data",""
"732","8x8",""
"733","Akorn",""
"734","Netflix",""
"735","D2h",""
"736","Agios Pharmaceuticals",""
"737","Del Frisco's Restaurant Group",""
"738","LPL Financial","LPL Financial Holdings Inc."
"739","First Midwest Bancorp","First Midwest Bancorp, Inc."
"740","Amyris (company)",""
"741","Sapiens International Corporation",""
"742","TiVo Corporation",""
"743","Applied Genetic Technologies Corporation",""
"744","Bed Bath & Beyond",""
"745","Psychemedics Corporation",""
"746","Proofpoint, Inc.",""
"747","Simmons Bank",""
"748","Red Robin",""
"749","Umpqua Holdings Corporation",""
"750","Datawatch Corporation",""
"751","Frontier Communications","Frontier Communications Corporation"
"752","Mannatech",""
"753","Virgin America",""
"754","PCM, Inc.",""
"755","Scholastic Corporation",""
"756","GoPro","GoPro, Inc."
"757","Cowen Inc.",""
"758","Fluidigm","Fluidigm Corporation"
"759","Otter Tail Corporation",""
"760","Esperion Therapeutics","Esperion Therapeutics, Inc."
"761","Ulta Beauty",""
"762","Cimpress",""
"763","IPC Healthcare",""
"764","Oramed",""
"765","Essendant",""
"766","Vericel",""
"767","GSE Systems","GSE Systems, Inc."
"768","BOK Financial Corporation",""
"769","Diamondback Energy",""
"770","Qorvo",""
"771","PayPal",""
"772","Napco Security Technologies",""
"773","Gilead Sciences","Gilead Sciences, Inc."
"774","ScanSource",""
"775","Mitcham Industries",""
"776","Tetra Tech",""
"777","Charm Communications",""
"778","Finisar","Finisar Corporation"
"779","Methanex",""
"780","Baidu",""
"781","Fogo de Chão",""
"782","FNB United Corp.",""
"783","Elbit Imaging",""
"784","Black Stone Minerals",""
"785","Activision Blizzard",""
"786","Cintas",""
"787","MetaBank",""
"788","Rediff.com",""
"789","American Airlines Group",""
"790","Penn National Gaming",""
"791","Covenant Transport",""
"792","SunOpta",""
"793","PCSB Bank",""
"794","Amedisys Home Health and Hospice Care",""
"795","Sohu",""
"796","Acacia Research",""
"797","Hostess Brands","Hostess Brands, Inc."
"798","PAM Transport",""
"799","Onvia",""
"800","Apple Inc.",""
"801","Golden Entertainment","Golden Entertainment, Inc."
"802","Alico (company)",""
"803","AudioCodes",""
"804","Alnylam Pharmaceuticals",""
"805","Citi Trends",""
"806","SimCorp",""
"807","Learning Tree International",""
"808","Amgen",""
"809","Craft Brew Alliance",""
"810","Strayer University",""
"811","Voltari",""
"812","Grand Canyon University",""
"813","Immersion Corporation","Immersion Corporation"
"814","Landstar System","Landstar System, Inc."
"815","Casella Waste Systems",""
"816","Endocyte",""
"817","Exact Sciences (company)","Exact Sciences Corporation"
"818","Cal-Maine",""
"819","Littelfuse","Littelfuse, Inc."
"820","Agenus",""
"821","Corcept Therapeutics",""
"822","Gaming and Leisure Properties","Gaming and Leisure Properties, Inc."
"823","Uranium Resources",""
"824","Codexis",""
"825","Columbia Sportswear",""
"826","Comscore",""
"827","Hickory Tech",""
"828","Kelso & Company",""
"829","Bank of Greene County",""
"830","National Western Life",""
"831","Acceleron Pharma",""
"832","Michaels",""
"833","Alimera Sciences",""
"834","AutoNavi",""
"835","C. H. Robinson",""
"836","Erie Insurance Group",""
"837","Full House Resorts","Full House Resorts, Inc."
"838","Helios and Matheson Analytics",""
"839","LivaNova","LivaNova PLC"
"840","Credit Acceptance",""
"841","Monro Muffler Brake",""
"842","PetMed Express",""
"843","Grifols","Grifols, S.A."
"844","Grupo Aeroportuario Centro Norte",""
"845","Tandem Diabetes Care",""
"846","Cherokee Inc.",""
"847","HMS Holdings","HMS Holdings Corp"
"848","PDF Solutions",""
"849","FreightCar America","Freightcar America, Inc."
"850","United Therapeutics",""
"851","ICAD Inc.","icad inc."
"852","Fiserv","Fiserv, Inc."
"853","Cognex Corporation",""
"854","Ironwood Pharmaceuticals","Ironwood Pharmaceuticals, Inc."
"855","RR Media",""
"856","West Coast Bancorp",""
"857","Cepheid Inc",""
"858","China Recycling Energy Corporation",""
"859","Brookfield Property Partners",""
"860","Cisco Systems",""
"861","CoStar Group",""
"862","MoneyGram",""
"863","Valley Bank",""
"864","Boingo Wireless",""
"865","Horizon Pharma",""
"866","Casey's General Stores",""
"867","Cathay Bank",""
"868","Lakeland Industries","Lakeland Industries, Inc."
"869","Loral Space & Communications",""
"870","Support.com",""
"871","MTS Systems Corporation",""
"872","Juniper Networks",""
"873","Collectors Universe",""
"874","Exponent (consulting firm)","Exponent, Inc."
"875","Data I/O",""
"876","Osiris Therapeutics",""
"877","East Boston Savings Bank",""
"878","Fifth Third Bank",""
"879","Paccar",""
"880","XG Technology",""
"881","Idexx Laboratories","IDEXX Laboratories, Inc."
"882","Saia",""
"883","Category:The Stars Group",""
"884","Workday, Inc.",""
"885","PagSeguro",""
"886","Internet Initiative Japan",""
"887","Blackbaud",""
"888","Intuit","Intuit Inc."
"889","Depomed",""
"890","Nuance Communications",""
"891","Symantec",""
"892","Regency Centers",""
"893","Live Oak Bank",""
"894","Gentex","Gentex Corporation"
"895","Orion Energy Systems",""
"896","Adobe Inc.",""
"897","Bloomin' Brands",""
"898","Black Box Corporation",""
"899","Lam Research","Lam Research Corporation"
"900","Starbucks",""
"901","Coupa",""
"902","Luckin Coffee","Luckin Coffee Inc."
"903","Category:Caesars Entertainment Corporation",""
"904","Silicon Image",""
"905","The Advisory Board Company",""
"906","Neogen",""
"907","HKTV",""
"908","Cray",""
"909","Isramco","Isramco, Inc."
"910","Rocky Brands",""
"911","Community West Bancshares",""
"912","China Automotive Systems",""
"913","ICU Medical","ICU Medical, Inc."
"914","Altaba",""
"915","Investors Bank",""
"916","Patriot National Bancorp",""
"917","WisdomTree Investments",""
"918","Celgene",""
"919","Veeco",""
"920","Strategic Education, Inc.",""
"921","GCI (company)","GCI Liberty, Inc."
"922","Category:DHX Media",""
"923","CommScope",""
"924","Golden Flake",""
"925","Cerner",""
"926","Black Diamond Equipment",""
"927","NASDAQ-100",""
"928","1-800-Flowers",""
"929","Illumina, Inc.","Illumina, Inc."
"930","Domo (company)",""
"931","Fifth Street Asset Management",""
"932","ICF International","ICF International, Inc."
"933","Genomic Health","Genomic Health, Inc."
"934","InfoSonics Corporation",""
"935","Pacific Premier Bancorp",""
"936","Tandy Leather Factory",""
"937","NextGen Healthcare Information Systems",""
"938","Zumiez",""
"939","Herman Miller (manufacturer)","Herman Miller, Inc."
"940","Beyond Meat",""
"941","1st Source",""
"942","East West Bancorp",""
"943","Micron Technology",""
"944","Qualcomm",""
"945","Woodward, Inc.",""
"946","BluePhoenix Solutions",""
"947","Category:PepsiCo",""
"948","Home Inn",""
"949","USA Technologies",""
"950","Atlantic Tele-Network",""
"951","AeroVironment",""
"952","Sprouts Farmers Market",""
"953","Mylan",""
"954","Daktronics",""
"955","Discovery Laboratories",""
"956","Rick's Cabaret",""
"957","EGain",""
"958","MakeMyTrip",""
"959","Aegion",""
"960","CyrusOne",""
"961","SBA Communications",""
"962","Sevcon",""
"963","WPCS International",""
"964","Digimarc",""
"965","Publicis Sapient",""
"966","Varonis Systems",""
"967","Big 5 Sporting Goods",""
"968","Zillow",""
"969","J. B. Hunt",""
"970","First Financial Bank","First Financial Bankshares, Inc."
"971","Blue Bird Corporation",""
"972","Broadcom Inc.",""
"973","Churchill Downs Incorporated",""
"974","Ubiquiti Networks",""
"975","Hibbett Sports","Hibbett Sports, Inc."
"976","DryShips",""
"977","Flexion Therapeutics","Flexion Therapeutics, Inc."
"978","VocalTec",""
"979","MidWestOne Financial Group",""
"980","Franklin Electric","Franklin Electric Co., Inc."
"981","The Habit Burger Grill",""
"982","IPass (company)",""
"983","Vringo",""
"984","180 Degree Capital",""
"985","Fox Corporation","Fox Corporation"
"986","Virtus Investment Partners",""
"987","Bank OZK",""
"988","Tribune Publishing",""
"989","Cleveland BioLabs",""
"990","VSE Corporation",""
"991","IHS Markit","IHS Markit Ltd."
"992","Popular, Inc.",""
"993","The Andersons",""
"994","Sunrun",""
"995","Category:Facebook",""
"996","TheStreet.com",""
"997","Houston Wire & Cable","Houston Wire & Cable Company"
"998","Yield10 Bioscience",""
"999","Alliance Fiber Optic Products",""
"1000","Rocky Mountain Chocolate Factory",""
"1001","Euroseas","Euroseas Ltd."
"1002","Kaiser Aluminum","Kaiser Aluminum Corporation"
"1003","SeaChange International",""
"1004","Semtech",""
"1005","Atlas Air",""
"1006","Calumet Specialty Products Partners",""
"1007","Dataram",""
"1008","Pilgrim's Pride",""
"1009","Cadence Design Systems",""
"1010","CYREN",""
"1011","CombiMatrix",""
"1012","F5 Networks","F5 Networks, Inc."
"1013","IGATE",""
"1014","Xperi",""
"1015","Cracker Barrel",""
"1016","Silicon Valley Bank",""
"1017","Synageva",""
"1018","Cnova",""
"1019","Virtu Financial",""
"1020","Destination XL Group",""
"1021","Iteris","Iteris, Inc."
"1022","Cambium Learning Group",""
"1023","Q-Cells",""
"1024","Patterson-UTI",""
"1025","KLA-Tencor","KLA-Tencor Corporation"
"1026","Ollie's Bargain Outlet",""
"1027","Smith & Wesson",""
"1028","Bandwidth (company)",""
"1029","Zscaler",""
"1030","Huntington Bancshares","Huntington Bancshares Incorporated"
"1031","TD Ameritrade",""
"1032","CyberArk",""
"1033","PTC (software company)",""
"1034","Wintrust Financial",""
"1035","Portola Pharmaceuticals",""
"1036","Ascent Capital Group",""
