"","X","V1","V2"
"26",26,"https://finance.yahoo.com/quote/ACAM",""
"27",27,"https://finance.yahoo.com/quote/ACAMU",""
"28",28,"https://finance.yahoo.com/quote/ACAMW",""
"42",42,"https://finance.yahoo.com/quote/ACTTU",""
"51",51,"https://finance.yahoo.com/quote/ADILW",""
"62",62,"https://finance.yahoo.com/quote/DWMC",""
"63",63,"https://finance.yahoo.com/quote/DWSH",""
"64",64,"https://finance.yahoo.com/quote/BKCH",""
"65",65,"https://finance.yahoo.com/quote/ACT",""
"78",78,"https://finance.yahoo.com/quote/AGBAU",""
"89",89,"https://finance.yahoo.com/quote/AGFSW",""
"95",95,"https://finance.yahoo.com/quote/AMCN",""
"96",96,"https://finance.yahoo.com/quote/AITB",""
"106",106,"https://finance.yahoo.com/quote/ALAC",""
"107",107,"https://finance.yahoo.com/quote/ALACR",""
"108",108,"https://finance.yahoo.com/quote/ALACU",""
"109",109,"https://finance.yahoo.com/quote/ALACW",""
"125",125,"https://finance.yahoo.com/quote/ALGR",""
"126",126,"https://finance.yahoo.com/quote/ALGRR",""
"127",127,"https://finance.yahoo.com/quote/ALGRU",""
"128",128,"https://finance.yahoo.com/quote/ALGRW",""
"141",141,"https://finance.yahoo.com/quote/SMCP",""
"145",145,"https://finance.yahoo.com/quote/AMRWW",""
"164",164,"https://finance.yahoo.com/quote/AMCIW",""
"169",169,"https://finance.yahoo.com/quote/AMRHW",""
"189",189,"https://finance.yahoo.com/quote/ASRVP",""
"195",195,"https://finance.yahoo.com/quote/IBUY",""
"202",202,"https://finance.yahoo.com/quote/ANDA",""
"203",203,"https://finance.yahoo.com/quote/ANDAR",""
"204",204,"https://finance.yahoo.com/quote/ANDAU",""
"205",205,"https://finance.yahoo.com/quote/ANDAW",""
"223",223,"https://finance.yahoo.com/quote/APDNW",""
"260",260,"https://finance.yahoo.com/quote/DWCR",""
"261",261,"https://finance.yahoo.com/quote/DWAT",""
"267",267,"https://finance.yahoo.com/quote/ARYA",""
"268",268,"https://finance.yahoo.com/quote/ARYAU",""
"269",269,"https://finance.yahoo.com/quote/ARYAW",""
"306",306,"https://finance.yahoo.com/quote/ATISW",""
"345",345,"https://finance.yahoo.com/quote/RILYG",""
"346",346,"https://finance.yahoo.com/quote/RILYH",""
"347",347,"https://finance.yahoo.com/quote/RILYI",""
"348",348,"https://finance.yahoo.com/quote/RILYL",""
"349",349,"https://finance.yahoo.com/quote/RILYO",""
"350",350,"https://finance.yahoo.com/quote/RILYZ",""
"356",356,"https://finance.yahoo.com/quote/BANFP",""
"362",362,"https://finance.yahoo.com/quote/BMLP",""
"371",371,"https://finance.yahoo.com/quote/DFVL",""
"372",372,"https://finance.yahoo.com/quote/DFVS",""
"373",373,"https://finance.yahoo.com/quote/DLBS",""
"374",374,"https://finance.yahoo.com/quote/DTUL",""
"375",375,"https://finance.yahoo.com/quote/DTUS",""
"376",376,"https://finance.yahoo.com/quote/DTYL",""
"377",377,"https://finance.yahoo.com/quote/DTYS",""
"378",378,"https://finance.yahoo.com/quote/FLAT",""
"379",379,"https://finance.yahoo.com/quote/STPP",""
"380",380,"https://finance.yahoo.com/quote/TAPR",""
"384",384,"https://finance.yahoo.com/quote/ZTEST",""
"404",404,"https://finance.yahoo.com/quote/BRPAR",""
"406",406,"https://finance.yahoo.com/quote/BRPAW",""
"416",416,"https://finance.yahoo.com/quote/BIOL",""
"422",422,"https://finance.yahoo.com/quote/BNGOW",""
"424",424,"https://finance.yahoo.com/quote/BVXVW",""
"433",433,"https://finance.yahoo.com/quote/BCAC",""
"434",434,"https://finance.yahoo.com/quote/BCACR",""
"435",435,"https://finance.yahoo.com/quote/BCACU",""
"436",436,"https://finance.yahoo.com/quote/BCACW",""
"439",439,"https://finance.yahoo.com/quote/BRACR",""
"441",441,"https://finance.yahoo.com/quote/BRACW",""
"447",447,"https://finance.yahoo.com/quote/BLNKW",""
"455",455,"https://finance.yahoo.com/quote/ITEQ",""
"469",469,"https://finance.yahoo.com/quote/BWMCW",""
"472",472,"https://finance.yahoo.com/quote/BVNSC",""
"479",479,"https://finance.yahoo.com/quote/BHFAL",""
"504",504,"https://finance.yahoo.com/quote/CLBS",""
"516",516,"https://finance.yahoo.com/quote/CRUSC",""
"528",528,"https://finance.yahoo.com/quote/CSWCL",""
"530",530,"https://finance.yahoo.com/quote/CPTAG",""
"531",531,"https://finance.yahoo.com/quote/CPTAL",""
"568",568,"https://finance.yahoo.com/quote/CBOE",""
"575",575,"https://finance.yahoo.com/quote/CELGZ",""
"578",578,"https://finance.yahoo.com/quote/APOPW",""
"580",580,"https://finance.yahoo.com/quote/CLRBW",""
"581",581,"https://finance.yahoo.com/quote/CLRBZ",""
"589",589,"https://finance.yahoo.com/quote/CETXW",""
"607",607,"https://finance.yahoo.com/quote/CFFA",""
"608",608,"https://finance.yahoo.com/quote/CFFAU",""
"609",609,"https://finance.yahoo.com/quote/CFFAW",""
"616",616,"https://finance.yahoo.com/quote/CTAC",""
"617",617,"https://finance.yahoo.com/quote/CTACU",""
"618",618,"https://finance.yahoo.com/quote/CTACW",""
"621",621,"https://finance.yahoo.com/quote/CHEKW",""
"622",622,"https://finance.yahoo.com/quote/CHEKZ",""
"635",635,"https://finance.yahoo.com/quote/CADC",""
"673",673,"https://finance.yahoo.com/quote/CTXRW",""
"684",684,"https://finance.yahoo.com/quote/CACG",""
"685",685,"https://finance.yahoo.com/quote/YLDE",""
"686",686,"https://finance.yahoo.com/quote/LRGE",""
"695",695,"https://finance.yahoo.com/quote/CMFNL",""
"746",746,"https://finance.yahoo.com/quote/CNFRL",""
"754",754,"https://finance.yahoo.com/quote/CNACR",""
"756",756,"https://finance.yahoo.com/quote/CNACW",""
"783",783,"https://finance.yahoo.com/quote/COWNL",""
"784",784,"https://finance.yahoo.com/quote/COWNZ",""
"792",792,"https://finance.yahoo.com/quote/CREXW",""
"794",794,"https://finance.yahoo.com/quote/DGLD",""
"795",795,"https://finance.yahoo.com/quote/DSLV",""
"796",796,"https://finance.yahoo.com/quote/GLDI",""
"797",797,"https://finance.yahoo.com/quote/SLVO",""
"798",798,"https://finance.yahoo.com/quote/TVIX",""
"799",799,"https://finance.yahoo.com/quote/UGLD",""
"800",800,"https://finance.yahoo.com/quote/USLV",""
"801",801,"https://finance.yahoo.com/quote/USOI",""
"802",802,"https://finance.yahoo.com/quote/VIIX",""
"803",803,"https://finance.yahoo.com/quote/ZIV",""
"807",807,"https://finance.yahoo.com/quote/CRSAW",""
"817",817,"https://finance.yahoo.com/quote/CYRXW",""
"847",847,"https://finance.yahoo.com/quote/CYTXZ",""
"854",854,"https://finance.yahoo.com/quote/DRIOW",""
"857",857,"https://finance.yahoo.com/quote/DSKEW",""
"862",862,"https://finance.yahoo.com/quote/DFNL",""
"863",863,"https://finance.yahoo.com/quote/DINT",""
"864",864,"https://finance.yahoo.com/quote/DUSA",""
"865",865,"https://finance.yahoo.com/quote/DWLD",""
"868",868,"https://finance.yahoo.com/quote/DDMX",""
"869",869,"https://finance.yahoo.com/quote/DDMXU",""
"870",870,"https://finance.yahoo.com/quote/DDMXW",""
"884",884,"https://finance.yahoo.com/quote/DFBH",""
"885",885,"https://finance.yahoo.com/quote/DFBHU",""
"886",886,"https://finance.yahoo.com/quote/DFBHW",""
"889",889,"https://finance.yahoo.com/quote/DEACU",""
"890",890,"https://finance.yahoo.com/quote/DHIL",""
"892",892,"https://finance.yahoo.com/quote/DPHC",""
"893",893,"https://finance.yahoo.com/quote/DPHCU",""
"894",894,"https://finance.yahoo.com/quote/DPHCW",""
"917",917,"https://finance.yahoo.com/quote/DLPNW",""
"941",941,"https://finance.yahoo.com/quote/EGLE",""
"947",947,"https://finance.yahoo.com/quote/EVGBC",""
"948",948,"https://finance.yahoo.com/quote/EVSTC",""
"949",949,"https://finance.yahoo.com/quote/EVFTC",""
"950",950,"https://finance.yahoo.com/quote/EVLMC",""
"951",951,"https://finance.yahoo.com/quote/OKDCC",""
"953",953,"https://finance.yahoo.com/quote/EBAYL",""
"963",963,"https://finance.yahoo.com/quote/EDTXW",""
"974",974,"https://finance.yahoo.com/quote/SOLOW",""
"993",993,"https://finance.yahoo.com/quote/NDRAW",""
"1005",1005,"https://finance.yahoo.com/quote/ETTX",""
"1009",1009,"https://finance.yahoo.com/quote/ENTXW",""
"1013",1013,"https://finance.yahoo.com/quote/EVSIW",""
"1030",1030,"https://finance.yahoo.com/quote/ESTRW",""
"1031",1031,"https://finance.yahoo.com/quote/VBND",""
"1032",1032,"https://finance.yahoo.com/quote/VUSE",""
"1033",1033,"https://finance.yahoo.com/quote/VIDI",""
"1053",1053,"https://finance.yahoo.com/quote/FLAG",""
"1054",1054,"https://finance.yahoo.com/quote/ROBO",""
"1067",1067,"https://finance.yahoo.com/quote/EYEGW",""
"1074",1074,"https://finance.yahoo.com/quote/FLMNW",""
"1093",1093,"https://finance.yahoo.com/quote/ONEQ",""
"1096",1096,"https://finance.yahoo.com/quote/FDUSL",""
"1097",1097,"https://finance.yahoo.com/quote/FDUSZ",""
"1127",1127,"https://finance.yahoo.com/quote/INBKL",""
"1136",1136,"https://finance.yahoo.com/quote/FAAR",""
"1137",1137,"https://finance.yahoo.com/quote/FPA",""
"1138",1138,"https://finance.yahoo.com/quote/BICK",""
"1139",1139,"https://finance.yahoo.com/quote/FBZ",""
"1140",1140,"https://finance.yahoo.com/quote/FTHI",""
"1141",1141,"https://finance.yahoo.com/quote/FCAL",""
"1142",1142,"https://finance.yahoo.com/quote/FCAN",""
"1143",1143,"https://finance.yahoo.com/quote/FTCS",""
"1144",1144,"https://finance.yahoo.com/quote/FCEF",""
"1145",1145,"https://finance.yahoo.com/quote/FCA",""
"1146",1146,"https://finance.yahoo.com/quote/SKYY",""
"1147",1147,"https://finance.yahoo.com/quote/RNDM",""
"1148",1148,"https://finance.yahoo.com/quote/FDT",""
"1149",1149,"https://finance.yahoo.com/quote/FDTS",""
"1150",1150,"https://finance.yahoo.com/quote/FVC",""
"1151",1151,"https://finance.yahoo.com/quote/FV",""
"1152",1152,"https://finance.yahoo.com/quote/IFV",""
"1153",1153,"https://finance.yahoo.com/quote/DDIV",""
"1154",1154,"https://finance.yahoo.com/quote/DVOL",""
"1155",1155,"https://finance.yahoo.com/quote/DVLU",""
"1156",1156,"https://finance.yahoo.com/quote/DWPP",""
"1157",1157,"https://finance.yahoo.com/quote/DALI",""
"1158",1158,"https://finance.yahoo.com/quote/FDNI",""
"1159",1159,"https://finance.yahoo.com/quote/FEM",""
"1160",1160,"https://finance.yahoo.com/quote/RNEM",""
"1161",1161,"https://finance.yahoo.com/quote/FEMB",""
"1162",1162,"https://finance.yahoo.com/quote/FEMS",""
"1163",1163,"https://finance.yahoo.com/quote/FTSM",""
"1164",1164,"https://finance.yahoo.com/quote/FEP",""
"1165",1165,"https://finance.yahoo.com/quote/FEUZ",""
"1166",1166,"https://finance.yahoo.com/quote/FGM",""
"1167",1167,"https://finance.yahoo.com/quote/FTGC",""
"1168",1168,"https://finance.yahoo.com/quote/FTLB",""
"1169",1169,"https://finance.yahoo.com/quote/HYLS",""
"1170",1170,"https://finance.yahoo.com/quote/FHK",""
"1171",1171,"https://finance.yahoo.com/quote/NFTY",""
"1172",1172,"https://finance.yahoo.com/quote/FTAG",""
"1173",1173,"https://finance.yahoo.com/quote/FTRI",""
"1174",1174,"https://finance.yahoo.com/quote/LEGR",""
"1175",1175,"https://finance.yahoo.com/quote/FPXI",""
"1176",1176,"https://finance.yahoo.com/quote/FPXE",""
"1177",1177,"https://finance.yahoo.com/quote/FJP",""
"1178",1178,"https://finance.yahoo.com/quote/FEX",""
"1179",1179,"https://finance.yahoo.com/quote/FTC",""
"1180",1180,"https://finance.yahoo.com/quote/RNLC",""
"1181",1181,"https://finance.yahoo.com/quote/FTA",""
"1182",1182,"https://finance.yahoo.com/quote/FLN",""
"1183",1183,"https://finance.yahoo.com/quote/LMBS",""
"1184",1184,"https://finance.yahoo.com/quote/LDSF",""
"1185",1185,"https://finance.yahoo.com/quote/FMB",""
"1186",1186,"https://finance.yahoo.com/quote/FMK",""
"1187",1187,"https://finance.yahoo.com/quote/FNX",""
"1188",1188,"https://finance.yahoo.com/quote/FNY",""
"1189",1189,"https://finance.yahoo.com/quote/RNMC",""
"1190",1190,"https://finance.yahoo.com/quote/FNK",""
"1191",1191,"https://finance.yahoo.com/quote/FAD",""
"1192",1192,"https://finance.yahoo.com/quote/FAB",""
"1193",1193,"https://finance.yahoo.com/quote/MDIV",""
"1194",1194,"https://finance.yahoo.com/quote/MCEF",""
"1195",1195,"https://finance.yahoo.com/quote/FMHI",""
"1196",1196,"https://finance.yahoo.com/quote/QABA",""
"1197",1197,"https://finance.yahoo.com/quote/ROBT",""
"1198",1198,"https://finance.yahoo.com/quote/FTXO",""
"1199",1199,"https://finance.yahoo.com/quote/QCLN",""
"1200",1200,"https://finance.yahoo.com/quote/GRID",""
"1201",1201,"https://finance.yahoo.com/quote/CIBR",""
"1202",1202,"https://finance.yahoo.com/quote/FTXG",""
"1203",1203,"https://finance.yahoo.com/quote/CARZ",""
"1204",1204,"https://finance.yahoo.com/quote/FTXN",""
"1205",1205,"https://finance.yahoo.com/quote/FTXH",""
"1206",1206,"https://finance.yahoo.com/quote/FTXD",""
"1207",1207,"https://finance.yahoo.com/quote/FTXL",""
"1208",1208,"https://finance.yahoo.com/quote/FONE",""
"1209",1209,"https://finance.yahoo.com/quote/TDIV",""
"1210",1210,"https://finance.yahoo.com/quote/FTXR",""
"1211",1211,"https://finance.yahoo.com/quote/QQEW",""
"1212",1212,"https://finance.yahoo.com/quote/QQXT",""
"1213",1213,"https://finance.yahoo.com/quote/QTEC",""
"1214",1214,"https://finance.yahoo.com/quote/AIRR",""
"1215",1215,"https://finance.yahoo.com/quote/RDVY",""
"1216",1216,"https://finance.yahoo.com/quote/RFAP",""
"1217",1217,"https://finance.yahoo.com/quote/RFDI",""
"1218",1218,"https://finance.yahoo.com/quote/RFEM",""
"1219",1219,"https://finance.yahoo.com/quote/RFEU",""
"1220",1220,"https://finance.yahoo.com/quote/FID",""
"1221",1221,"https://finance.yahoo.com/quote/FTSL",""
"1222",1222,"https://finance.yahoo.com/quote/FYX",""
"1223",1223,"https://finance.yahoo.com/quote/FYC",""
"1224",1224,"https://finance.yahoo.com/quote/RNSC",""
"1225",1225,"https://finance.yahoo.com/quote/FYT",""
"1226",1226,"https://finance.yahoo.com/quote/SDVY",""
"1227",1227,"https://finance.yahoo.com/quote/FKO",""
"1228",1228,"https://finance.yahoo.com/quote/FCVT",""
"1229",1229,"https://finance.yahoo.com/quote/FDIV",""
"1230",1230,"https://finance.yahoo.com/quote/FSZ",""
"1231",1231,"https://finance.yahoo.com/quote/FIXD",""
"1232",1232,"https://finance.yahoo.com/quote/TUSA",""
"1233",1233,"https://finance.yahoo.com/quote/FKU",""
"1234",1234,"https://finance.yahoo.com/quote/RNDV",""
"1249",1249,"https://finance.yahoo.com/quote/SKOR",""
"1250",1250,"https://finance.yahoo.com/quote/LKOR",""
"1251",1251,"https://finance.yahoo.com/quote/MBSD",""
"1252",1252,"https://finance.yahoo.com/quote/ASET",""
"1253",1253,"https://finance.yahoo.com/quote/ESGG",""
"1254",1254,"https://finance.yahoo.com/quote/ESG",""
"1255",1255,"https://finance.yahoo.com/quote/QLC",""
"1257",1257,"https://finance.yahoo.com/quote/FPAYW",""
"1279",1279,"https://finance.yahoo.com/quote/FMCIW",""
"1325",1325,"https://finance.yahoo.com/quote/GEMP",""
"1329",1329,"https://finance.yahoo.com/quote/GFNSL",""
"1350",1350,"https://finance.yahoo.com/quote/GLADD",""
"1365",1365,"https://finance.yahoo.com/quote/GBLIL",""
"1369",1369,"https://finance.yahoo.com/quote/DRIV",""
"1370",1370,"https://finance.yahoo.com/quote/CLOU",""
"1371",1371,"https://finance.yahoo.com/quote/KRMA",""
"1372",1372,"https://finance.yahoo.com/quote/DAX",""
"1373",1373,"https://finance.yahoo.com/quote/EBIZ",""
"1374",1374,"https://finance.yahoo.com/quote/FINX",""
"1375",1375,"https://finance.yahoo.com/quote/CHIC",""
"1376",1376,"https://finance.yahoo.com/quote/AIQ",""
"1377",1377,"https://finance.yahoo.com/quote/GNOM",""
"1378",1378,"https://finance.yahoo.com/quote/BFIT",""
"1379",1379,"https://finance.yahoo.com/quote/SNSR",""
"1380",1380,"https://finance.yahoo.com/quote/LNGR",""
"1381",1381,"https://finance.yahoo.com/quote/MILN",""
"1382",1382,"https://finance.yahoo.com/quote/EFAS",""
"1383",1383,"https://finance.yahoo.com/quote/QYLD",""
"1384",1384,"https://finance.yahoo.com/quote/BOTZ",""
"1385",1385,"https://finance.yahoo.com/quote/CATH",""
"1386",1386,"https://finance.yahoo.com/quote/SOCL",""
"1387",1387,"https://finance.yahoo.com/quote/ALTY",""
"1388",1388,"https://finance.yahoo.com/quote/SRET",""
"1389",1389,"https://finance.yahoo.com/quote/YLCO",""
"1396",1396,"https://finance.yahoo.com/quote/GMLPP",""
"1406",1406,"https://finance.yahoo.com/quote/GPAQW",""
"1407",1407,"https://finance.yahoo.com/quote/GRSH",""
"1408",1408,"https://finance.yahoo.com/quote/GRSHU",""
"1409",1409,"https://finance.yahoo.com/quote/GRSHW",""
"1412",1412,"https://finance.yahoo.com/quote/GMHIW",""
"1417",1417,"https://finance.yahoo.com/quote/GECCL",""
"1418",1418,"https://finance.yahoo.com/quote/GECCM",""
"1426",1426,"https://finance.yahoo.com/quote/GLAC",""
"1427",1427,"https://finance.yahoo.com/quote/GLACR",""
"1428",1428,"https://finance.yahoo.com/quote/GLACU",""
"1429",1429,"https://finance.yahoo.com/quote/GLACW",""
"1447",1447,"https://finance.yahoo.com/quote/GTYHW",""
"1465",1465,"https://finance.yahoo.com/quote/HJLIW",""
"1467",1467,"https://finance.yahoo.com/quote/HWCPL",""
"1473",1473,"https://finance.yahoo.com/quote/HFGIC",""
"1476",1476,"https://finance.yahoo.com/quote/HCAPZ",""
"1485",1485,"https://finance.yahoo.com/quote/HSACU",""
"1498",1498,"https://finance.yahoo.com/quote/HCAC",""
"1499",1499,"https://finance.yahoo.com/quote/HCACU",""
"1500",1500,"https://finance.yahoo.com/quote/HCACW",""
"1511",1511,"https://finance.yahoo.com/quote/SNLN",""
"1518",1518,"https://finance.yahoo.com/quote/HCCHR",""
"1520",1520,"https://finance.yahoo.com/quote/HCCHW",""
"1544",1544,"https://finance.yahoo.com/quote/HOVNP",""
"1552",1552,"https://finance.yahoo.com/quote/HBANN",""
"1590",1590,"https://finance.yahoo.com/quote/IMACW",""
"1598",1598,"https://finance.yahoo.com/quote/IMRNW",""
"1611",1611,"https://finance.yahoo.com/quote/III",""
"1613",1613,"https://finance.yahoo.com/quote/IEAWW",""
"1634",1634,"https://finance.yahoo.com/quote/INSU",""
"1635",1635,"https://finance.yahoo.com/quote/INSUU",""
"1636",1636,"https://finance.yahoo.com/quote/INSUW",""
"1655",1655,"https://finance.yahoo.com/quote/IPLDP",""
"1663",1663,"https://finance.yahoo.com/quote/PLW",""
"1664",1664,"https://finance.yahoo.com/quote/ADRA",""
"1665",1665,"https://finance.yahoo.com/quote/ADRD",""
"1666",1666,"https://finance.yahoo.com/quote/ADRE",""
"1667",1667,"https://finance.yahoo.com/quote/ADRU",""
"1668",1668,"https://finance.yahoo.com/quote/PKW",""
"1669",1669,"https://finance.yahoo.com/quote/PFM",""
"1670",1670,"https://finance.yahoo.com/quote/PYZ",""
"1671",1671,"https://finance.yahoo.com/quote/PEZ",""
"1672",1672,"https://finance.yahoo.com/quote/PSL",""
"1673",1673,"https://finance.yahoo.com/quote/PIZ",""
"1674",1674,"https://finance.yahoo.com/quote/PIE",""
"1675",1675,"https://finance.yahoo.com/quote/PXI",""
"1676",1676,"https://finance.yahoo.com/quote/PFI",""
"1677",1677,"https://finance.yahoo.com/quote/PTH",""
"1678",1678,"https://finance.yahoo.com/quote/PRN",""
"1679",1679,"https://finance.yahoo.com/quote/PDP",""
"1680",1680,"https://finance.yahoo.com/quote/DWAQ",""
"1681",1681,"https://finance.yahoo.com/quote/DWAS",""
"1682",1682,"https://finance.yahoo.com/quote/DWIN",""
"1683",1683,"https://finance.yahoo.com/quote/DWTR",""
"1684",1684,"https://finance.yahoo.com/quote/PTF",""
"1685",1685,"https://finance.yahoo.com/quote/PUI",""
"1686",1686,"https://finance.yahoo.com/quote/IDLB",""
"1687",1687,"https://finance.yahoo.com/quote/PRFZ",""
"1688",1688,"https://finance.yahoo.com/quote/PIO",""
"1689",1689,"https://finance.yahoo.com/quote/PGJ",""
"1690",1690,"https://finance.yahoo.com/quote/PEY",""
"1691",1691,"https://finance.yahoo.com/quote/IPKW",""
"1692",1692,"https://finance.yahoo.com/quote/PID",""
"1693",1693,"https://finance.yahoo.com/quote/KBWB",""
"1694",1694,"https://finance.yahoo.com/quote/KBWD",""
"1695",1695,"https://finance.yahoo.com/quote/KBWY",""
"1696",1696,"https://finance.yahoo.com/quote/KBWP",""
"1697",1697,"https://finance.yahoo.com/quote/KBWR",""
"1698",1698,"https://finance.yahoo.com/quote/LDRI",""
"1699",1699,"https://finance.yahoo.com/quote/PNQI",""
"1700",1700,"https://finance.yahoo.com/quote/PDBC",""
"1701",1701,"https://finance.yahoo.com/quote/QQQ",""
"1702",1702,"https://finance.yahoo.com/quote/ISDX",""
"1703",1703,"https://finance.yahoo.com/quote/ISDS",""
"1704",1704,"https://finance.yahoo.com/quote/ISEM",""
"1705",1705,"https://finance.yahoo.com/quote/IUS",""
"1706",1706,"https://finance.yahoo.com/quote/IUSS",""
"1707",1707,"https://finance.yahoo.com/quote/USLB",""
"1708",1708,"https://finance.yahoo.com/quote/PSCD",""
"1709",1709,"https://finance.yahoo.com/quote/PSCC",""
"1710",1710,"https://finance.yahoo.com/quote/PSCE",""
"1711",1711,"https://finance.yahoo.com/quote/PSCF",""
"1712",1712,"https://finance.yahoo.com/quote/PSCH",""
"1713",1713,"https://finance.yahoo.com/quote/PSCI",""
"1714",1714,"https://finance.yahoo.com/quote/PSCT",""
"1715",1715,"https://finance.yahoo.com/quote/PSCM",""
"1716",1716,"https://finance.yahoo.com/quote/PSCU",""
"1717",1717,"https://finance.yahoo.com/quote/VRIG",""
"1718",1718,"https://finance.yahoo.com/quote/PHO",""
"1727",1727,"https://finance.yahoo.com/quote/CLRG",""
"1728",1728,"https://finance.yahoo.com/quote/CSML",""
"1734",1734,"https://finance.yahoo.com/quote/IRDMB",""
"1738",1738,"https://finance.yahoo.com/quote/SLQD",""
"1739",1739,"https://finance.yahoo.com/quote/ISHG",""
"1740",1740,"https://finance.yahoo.com/quote/SHY",""
"1741",1741,"https://finance.yahoo.com/quote/TLT",""
"1742",1742,"https://finance.yahoo.com/quote/IEI",""
"1743",1743,"https://finance.yahoo.com/quote/IEF",""
"1744",1744,"https://finance.yahoo.com/quote/AIA",""
"1745",1745,"https://finance.yahoo.com/quote/USIG",""
"1746",1746,"https://finance.yahoo.com/quote/COMT",""
"1747",1747,"https://finance.yahoo.com/quote/ISTB",""
"1748",1748,"https://finance.yahoo.com/quote/IXUS",""
"1749",1749,"https://finance.yahoo.com/quote/IUSG",""
"1750",1750,"https://finance.yahoo.com/quote/IUSV",""
"1751",1751,"https://finance.yahoo.com/quote/IUSB",""
"1752",1752,"https://finance.yahoo.com/quote/HEWG",""
"1753",1753,"https://finance.yahoo.com/quote/SUSB",""
"1754",1754,"https://finance.yahoo.com/quote/ESGD",""
"1755",1755,"https://finance.yahoo.com/quote/ESGE",""
"1756",1756,"https://finance.yahoo.com/quote/ESGU",""
"1757",1757,"https://finance.yahoo.com/quote/SUSL",""
"1758",1758,"https://finance.yahoo.com/quote/SUSC",""
"1759",1759,"https://finance.yahoo.com/quote/XT",""
"1760",1760,"https://finance.yahoo.com/quote/FALN",""
"1761",1761,"https://finance.yahoo.com/quote/IFEU",""
"1762",1762,"https://finance.yahoo.com/quote/IFGL",""
"1763",1763,"https://finance.yahoo.com/quote/BGRN",""
"1764",1764,"https://finance.yahoo.com/quote/IGF",""
"1765",1765,"https://finance.yahoo.com/quote/GNMA",""
"1766",1766,"https://finance.yahoo.com/quote/HYXE",""
"1767",1767,"https://finance.yahoo.com/quote/IGIB",""
"1768",1768,"https://finance.yahoo.com/quote/IGOV",""
"1769",1769,"https://finance.yahoo.com/quote/EMB",""
"1770",1770,"https://finance.yahoo.com/quote/MBB",""
"1771",1771,"https://finance.yahoo.com/quote/JKI",""
"1772",1772,"https://finance.yahoo.com/quote/ACWX",""
"1773",1773,"https://finance.yahoo.com/quote/ACWI",""
"1774",1774,"https://finance.yahoo.com/quote/AAXJ",""
"1775",1775,"https://finance.yahoo.com/quote/EWZS",""
"1776",1776,"https://finance.yahoo.com/quote/MCHI",""
"1777",1777,"https://finance.yahoo.com/quote/SCZ",""
"1778",1778,"https://finance.yahoo.com/quote/EEMA",""
"1779",1779,"https://finance.yahoo.com/quote/EMXC",""
"1780",1780,"https://finance.yahoo.com/quote/EUFN",""
"1781",1781,"https://finance.yahoo.com/quote/IEUS",""
"1782",1782,"https://finance.yahoo.com/quote/RING",""
"1783",1783,"https://finance.yahoo.com/quote/SDG",""
"1784",1784,"https://finance.yahoo.com/quote/EWJE",""
"1785",1785,"https://finance.yahoo.com/quote/EWJV",""
"1786",1786,"https://finance.yahoo.com/quote/ENZL",""
"1787",1787,"https://finance.yahoo.com/quote/QAT",""
"1788",1788,"https://finance.yahoo.com/quote/TUR",""
"1789",1789,"https://finance.yahoo.com/quote/UAE",""
"1790",1790,"https://finance.yahoo.com/quote/IBB",""
"1791",1791,"https://finance.yahoo.com/quote/SOXX",""
"1792",1792,"https://finance.yahoo.com/quote/PFF",""
"1793",1793,"https://finance.yahoo.com/quote/AMCA",""
"1794",1794,"https://finance.yahoo.com/quote/EMIF",""
"1795",1795,"https://finance.yahoo.com/quote/ICLN",""
"1796",1796,"https://finance.yahoo.com/quote/WOOD",""
"1797",1797,"https://finance.yahoo.com/quote/INDY",""
"1798",1798,"https://finance.yahoo.com/quote/IJT",""
"1799",1799,"https://finance.yahoo.com/quote/DVY",""
"1800",1800,"https://finance.yahoo.com/quote/SHV",""
"1801",1801,"https://finance.yahoo.com/quote/IGSB",""
"1809",1809,"https://finance.yahoo.com/quote/IVENC",""
"1810",1810,"https://finance.yahoo.com/quote/IVFGC",""
"1811",1811,"https://finance.yahoo.com/quote/IVFVC",""
"1822",1822,"https://finance.yahoo.com/quote/JSML",""
"1823",1823,"https://finance.yahoo.com/quote/JSMD",""
"1829",1829,"https://finance.yahoo.com/quote/JSYNR",""
"1830",1830,"https://finance.yahoo.com/quote/JSYNU",""
"1831",1831,"https://finance.yahoo.com/quote/JSYNW",""
"1835",1835,"https://finance.yahoo.com/quote/JFIN",""
"1841",1841,"https://finance.yahoo.com/quote/KXIN",""
"1842",1842,"https://finance.yahoo.com/quote/KXINW",""
"1851",1851,"https://finance.yahoo.com/quote/KBLMR",""
"1853",1853,"https://finance.yahoo.com/quote/KBLMW",""
"1873",1873,"https://finance.yahoo.com/quote/KTOVW",""
"1880",1880,"https://finance.yahoo.com/quote/KWEB",""
"1895",1895,"https://finance.yahoo.com/quote/LCAHU",""
"1899",1899,"https://finance.yahoo.com/quote/LMRKN",""
"1900",1900,"https://finance.yahoo.com/quote/LMRKO",""
"1901",1901,"https://finance.yahoo.com/quote/LMRKP",""
"1915",1915,"https://finance.yahoo.com/quote/INFR",""
"1916",1916,"https://finance.yahoo.com/quote/LVHD",""
"1917",1917,"https://finance.yahoo.com/quote/SQLV",""
"1920",1920,"https://finance.yahoo.com/quote/LACQW",""
"1926",1926,"https://finance.yahoo.com/quote/LFAC",""
"1927",1927,"https://finance.yahoo.com/quote/LFACU",""
"1928",1928,"https://finance.yahoo.com/quote/LFACW",""
"1964",1964,"https://finance.yahoo.com/quote/LINDW",""
"1978",1978,"https://finance.yahoo.com/quote/LMFAW",""
"1982",1982,"https://finance.yahoo.com/quote/CNCR",""
"1983",1983,"https://finance.yahoo.com/quote/CHNA",""
"1985",1985,"https://finance.yahoo.com/quote/LOAC",""
"1986",1986,"https://finance.yahoo.com/quote/LOACR",""
"1987",1987,"https://finance.yahoo.com/quote/LOACU",""
"1988",1988,"https://finance.yahoo.com/quote/LOACW",""
"2047",2047,"https://finance.yahoo.com/quote/MXWL",""
"2049",2049,"https://finance.yahoo.com/quote/MDCA",""
"2051",2051,"https://finance.yahoo.com/quote/MDRR",""
"2057",2057,"https://finance.yahoo.com/quote/MDGSW",""
"2093",2093,"https://finance.yahoo.com/quote/MU",""
"2105",2105,"https://finance.yahoo.com/quote/MOFG",""
"2109",2109,"https://finance.yahoo.com/quote/MIME",""
"2123",2123,"https://finance.yahoo.com/quote/MMDM",""
"2124",2124,"https://finance.yahoo.com/quote/MMDMR",""
"2125",2125,"https://finance.yahoo.com/quote/MMDMU",""
"2126",2126,"https://finance.yahoo.com/quote/MMDMW",""
"2138",2138,"https://finance.yahoo.com/quote/MNCL",""
"2139",2139,"https://finance.yahoo.com/quote/MNCLU",""
"2140",2140,"https://finance.yahoo.com/quote/MNCLW",""
"2145",2145,"https://finance.yahoo.com/quote/MRCCL",""
"2151",2151,"https://finance.yahoo.com/quote/MTFBW",""
"2160",2160,"https://finance.yahoo.com/quote/MTEC",""
"2161",2161,"https://finance.yahoo.com/quote/MTECU",""
"2162",2162,"https://finance.yahoo.com/quote/MTECW",""
"2164",2164,"https://finance.yahoo.com/quote/MUDS",""
"2165",2165,"https://finance.yahoo.com/quote/MUDSU",""
"2166",2166,"https://finance.yahoo.com/quote/MUDSW",""
"2174",2174,"https://finance.yahoo.com/quote/MYNDW",""
"2195",2195,"https://finance.yahoo.com/quote/NESRW",""
"2212",2212,"https://finance.yahoo.com/quote/JSM",""
"2217",2217,"https://finance.yahoo.com/quote/NEBU",""
"2218",2218,"https://finance.yahoo.com/quote/NEBUU",""
"2219",2219,"https://finance.yahoo.com/quote/NEBUW",""
"2256",2256,"https://finance.yahoo.com/quote/NEWTI",""
"2257",2257,"https://finance.yahoo.com/quote/NEWTZ",""
"2294",2294,"https://finance.yahoo.com/quote/NVCR",""
"2312",2312,"https://finance.yahoo.com/quote/OCSLL",""
"2328",2328,"https://finance.yahoo.com/quote/OFSSL",""
"2329",2329,"https://finance.yahoo.com/quote/OFSSZ",""
"2341",2341,"https://finance.yahoo.com/quote/OSBCP",""
"2351",2351,"https://finance.yahoo.com/quote/ONTXW",""
"2355",2355,"https://finance.yahoo.com/quote/OSW",""
"2359",2359,"https://finance.yahoo.com/quote/OPES",""
"2360",2360,"https://finance.yahoo.com/quote/OPESU",""
"2361",2361,"https://finance.yahoo.com/quote/OPESW",""
"2363",2363,"https://finance.yahoo.com/quote/OPGNW",""
"2395",2395,"https://finance.yahoo.com/quote/OTLKW",""
"2405",2405,"https://finance.yahoo.com/quote/OXSQL",""
"2406",2406,"https://finance.yahoo.com/quote/OXSQZ",""
"2410",2410,"https://finance.yahoo.com/quote/HERD",""
"2411",2411,"https://finance.yahoo.com/quote/ECOW",""
"2412",2412,"https://finance.yahoo.com/quote/VETS",""
"2441",2441,"https://finance.yahoo.com/quote/PAVMZ",""
"2467",2467,"https://finance.yahoo.com/quote/WRLSR",""
"2469",2469,"https://finance.yahoo.com/quote/WRLSW",""
"2475",2475,"https://finance.yahoo.com/quote/PUB",""
"2495",2495,"https://finance.yahoo.com/quote/PHUNW",""
"2520",2520,"https://finance.yahoo.com/quote/BPOPM",""
"2521",2521,"https://finance.yahoo.com/quote/BPOPN",""
"2522",2522,"https://finance.yahoo.com/quote/KCAPL",""
"2523",2523,"https://finance.yahoo.com/quote/PTMN",""
"2546",2546,"https://finance.yahoo.com/quote/PVAL",""
"2548",2548,"https://finance.yahoo.com/quote/BTEC",""
"2549",2549,"https://finance.yahoo.com/quote/PXUS",""
"2550",2550,"https://finance.yahoo.com/quote/GENY",""
"2551",2551,"https://finance.yahoo.com/quote/PSET",""
"2552",2552,"https://finance.yahoo.com/quote/PY",""
"2553",2553,"https://finance.yahoo.com/quote/PMOM",""
"2554",2554,"https://finance.yahoo.com/quote/USMC",""
"2555",2555,"https://finance.yahoo.com/quote/PSC",""
"2566",2566,"https://finance.yahoo.com/quote/EQRR",""
"2567",2567,"https://finance.yahoo.com/quote/BIB",""
"2568",2568,"https://finance.yahoo.com/quote/UBIO",""
"2569",2569,"https://finance.yahoo.com/quote/TQQQ",""
"2570",2570,"https://finance.yahoo.com/quote/ZBIO",""
"2571",2571,"https://finance.yahoo.com/quote/SQQQ",""
"2572",2572,"https://finance.yahoo.com/quote/BIS",""
"2591",2591,"https://finance.yahoo.com/quote/PACQ",""
"2592",2592,"https://finance.yahoo.com/quote/PACQU",""
"2593",2593,"https://finance.yahoo.com/quote/PACQW",""
"2640",2640,"https://finance.yahoo.com/quote/BCNA",""
"2641",2641,"https://finance.yahoo.com/quote/BLCN",""
"2705",2705,"https://finance.yahoo.com/quote/ROSEW",""
"2749",2749,"https://finance.yahoo.com/quote/SAMAW",""
"2765",2765,"https://finance.yahoo.com/quote/EYESW",""
"2782",2782,"https://finance.yahoo.com/quote/SNHNI",""
"2785",2785,"https://finance.yahoo.com/quote/SRTS",""
"2786",2786,"https://finance.yahoo.com/quote/SRTSW",""
"2789",2789,"https://finance.yahoo.com/quote/STNLW",""
"2820",2820,"https://finance.yahoo.com/quote/SGLBW",""
"2825",2825,"https://finance.yahoo.com/quote/SLAB",""
"2835",2835,"https://finance.yahoo.com/quote/SVA",""
"2853",2853,"https://finance.yahoo.com/quote/GIGE",""
"2863",2863,"https://finance.yahoo.com/quote/SNGXW",""
"2867",2867,"https://finance.yahoo.com/quote/SNOAW",""
"2876",2876,"https://finance.yahoo.com/quote/SOHOK",""
"2892",2892,"https://finance.yahoo.com/quote/DWFI",""
"2915",2915,"https://finance.yahoo.com/quote/SBLKZ",""
"2937",2937,"https://finance.yahoo.com/quote/HNDL",""
"2994",2994,"https://finance.yahoo.com/quote/THWWW",""
"3012",3012,"https://finance.yahoo.com/quote/TZAC",""
"3013",3013,"https://finance.yahoo.com/quote/TZACU",""
"3014",3014,"https://finance.yahoo.com/quote/TZACW",""
"3034",3034,"https://finance.yahoo.com/quote/TCGP",""
"3053",3053,"https://finance.yahoo.com/quote/OLD",""
"3061",3061,"https://finance.yahoo.com/quote/SLIM",""
"3063",3063,"https://finance.yahoo.com/quote/ORG",""
"3076",3076,"https://finance.yahoo.com/quote/TBRG",""
"3077",3077,"https://finance.yahoo.com/quote/TBRGU",""
"3078",3078,"https://finance.yahoo.com/quote/TBRGW",""
"3081",3081,"https://finance.yahoo.com/quote/TIBRW",""
"3082",3082,"https://finance.yahoo.com/quote/TTTN",""
"3093",3093,"https://finance.yahoo.com/quote/TKKS",""
"3094",3094,"https://finance.yahoo.com/quote/TKKSR",""
"3095",3095,"https://finance.yahoo.com/quote/TKKSU",""
"3096",3096,"https://finance.yahoo.com/quote/TKKSW",""
"3104",3104,"https://finance.yahoo.com/quote/TOTA",""
"3105",3105,"https://finance.yahoo.com/quote/TOTAR",""
"3106",3106,"https://finance.yahoo.com/quote/TOTAU",""
"3107",3107,"https://finance.yahoo.com/quote/TOTAW",""
"3110",3110,"https://finance.yahoo.com/quote/TBLTW",""
"3125",3125,"https://finance.yahoo.com/quote/TANNI",""
"3126",3126,"https://finance.yahoo.com/quote/TANNL",""
"3127",3127,"https://finance.yahoo.com/quote/TANNZ",""
"3137",3137,"https://finance.yahoo.com/quote/TDACW",""
"3144",3144,"https://finance.yahoo.com/quote/TMCXW",""
"3164",3164,"https://finance.yahoo.com/quote/THCB",""
"3165",3165,"https://finance.yahoo.com/quote/THCBU",""
"3166",3166,"https://finance.yahoo.com/quote/THCBW",""
"3168",3168,"https://finance.yahoo.com/quote/BROGR",""
"3170",3170,"https://finance.yahoo.com/quote/BROGW",""
"3181",3181,"https://finance.yahoo.com/quote/USWSW",""
"3237",3237,"https://finance.yahoo.com/quote/VALX",""
"3243",3243,"https://finance.yahoo.com/quote/BBH",""
"3244",3244,"https://finance.yahoo.com/quote/PPH",""
"3245",3245,"https://finance.yahoo.com/quote/VWOB",""
"3246",3246,"https://finance.yahoo.com/quote/VNQI",""
"3247",3247,"https://finance.yahoo.com/quote/VCIT",""
"3248",3248,"https://finance.yahoo.com/quote/VGIT",""
"3249",3249,"https://finance.yahoo.com/quote/VIGI",""
"3250",3250,"https://finance.yahoo.com/quote/VYMI",""
"3251",3251,"https://finance.yahoo.com/quote/VCLT",""
"3252",3252,"https://finance.yahoo.com/quote/VGLT",""
"3253",3253,"https://finance.yahoo.com/quote/VMBS",""
"3254",3254,"https://finance.yahoo.com/quote/VONE",""
"3255",3255,"https://finance.yahoo.com/quote/VONG",""
"3256",3256,"https://finance.yahoo.com/quote/VONV",""
"3257",3257,"https://finance.yahoo.com/quote/VTWO",""
"3258",3258,"https://finance.yahoo.com/quote/VTWG",""
"3259",3259,"https://finance.yahoo.com/quote/VTWV",""
"3260",3260,"https://finance.yahoo.com/quote/VTHR",""
"3261",3261,"https://finance.yahoo.com/quote/VCSH",""
"3262",3262,"https://finance.yahoo.com/quote/VTIP",""
"3263",3263,"https://finance.yahoo.com/quote/VGSH",""
"3264",3264,"https://finance.yahoo.com/quote/BND",""
"3265",3265,"https://finance.yahoo.com/quote/VTC",""
"3266",3266,"https://finance.yahoo.com/quote/BNDX",""
"3267",3267,"https://finance.yahoo.com/quote/VXUS",""
"3268",3268,"https://finance.yahoo.com/quote/BNDW",""
"3274",3274,"https://finance.yahoo.com/quote/VTIQ",""
"3275",3275,"https://finance.yahoo.com/quote/VTIQU",""
"3276",3276,"https://finance.yahoo.com/quote/VTIQW",""
"3283",3283,"https://finance.yahoo.com/quote/VERBW",""
"3304",3304,"https://finance.yahoo.com/quote/CIZ",""
"3305",3305,"https://finance.yahoo.com/quote/VSDA",""
"3306",3306,"https://finance.yahoo.com/quote/CEY",""
"3307",3307,"https://finance.yahoo.com/quote/CEZ",""
"3308",3308,"https://finance.yahoo.com/quote/CID",""
"3309",3309,"https://finance.yahoo.com/quote/CIL",""
"3310",3310,"https://finance.yahoo.com/quote/CFO",""
"3311",3311,"https://finance.yahoo.com/quote/CFA",""
"3312",3312,"https://finance.yahoo.com/quote/CSF",""
"3313",3313,"https://finance.yahoo.com/quote/CDC",""
"3314",3314,"https://finance.yahoo.com/quote/CDL",""
"3315",3315,"https://finance.yahoo.com/quote/VSMV",""
"3316",3316,"https://finance.yahoo.com/quote/CSB",""
"3317",3317,"https://finance.yahoo.com/quote/CSA",""
"3320",3320,"https://finance.yahoo.com/quote/VKTXW",""
"3331",3331,"https://finance.yahoo.com/quote/BBC",""
"3332",3332,"https://finance.yahoo.com/quote/BBP",""
"3357",3357,"https://finance.yahoo.com/quote/HHHH",""
"3358",3358,"https://finance.yahoo.com/quote/HHHHR",""
"3359",3359,"https://finance.yahoo.com/quote/HHHHU",""
"3360",3360,"https://finance.yahoo.com/quote/HHHHW",""
"3370",3370,"https://finance.yahoo.com/quote/WINC",""
"3371",3371,"https://finance.yahoo.com/quote/WBND",""
"3381",3381,"https://finance.yahoo.com/quote/WHFBZ",""
"3394",3394,"https://finance.yahoo.com/quote/AGND",""
"3395",3395,"https://finance.yahoo.com/quote/CXSE",""
"3396",3396,"https://finance.yahoo.com/quote/EMCG",""
"3397",3397,"https://finance.yahoo.com/quote/EMCB",""
"3398",3398,"https://finance.yahoo.com/quote/DGRE",""
"3399",3399,"https://finance.yahoo.com/quote/DXGE",""
"3400",3400,"https://finance.yahoo.com/quote/HYZD",""
"3401",3401,"https://finance.yahoo.com/quote/AGZD",""
"3403",3403,"https://finance.yahoo.com/quote/DXJS",""
"3404",3404,"https://finance.yahoo.com/quote/GULF",""
"3405",3405,"https://finance.yahoo.com/quote/HYND",""
"3406",3406,"https://finance.yahoo.com/quote/DGRW",""
"3407",3407,"https://finance.yahoo.com/quote/DGRS",""
"3451",3451,"https://finance.yahoo.com/quote/ZNWAA",""
