"","ticker","finance_site","website","description","keywords"
"1","YI","https://finance.yahoo.com/quote/YI","http://www.111.com.cn","1Ò©ÍøÍøÉÏÒ©µêÊÇÈ«¹úÕı¹æºÏ·¨ÍøÉÏÒ©µêÆ½Ì¨£¬ÊÇÄúÍøÉÏ¹ºÂòÒ©Æ·µÄ·ÅĞÄÒ©·¿ÍøÕ¾£¬100%ÕıÆ·±£ÕÏ£¬²¢ÓĞ¹ú¼ÒÖ´ÒµÒ½Ê¦Ìá¹©Ò©Æ·¹ºÂòÃâ·Ñ×ÉÑ¯£¬ÎªÄúÍøÉÏÂòÒ©Ìá¹©³¬Ô½´«Í³Ò©µêµÄÌùĞÄ·şÎñ¡£","ÍøÉÏÒ©µê,ÍøÉÏÒ©·¿,Ò©·¿Íø,Ò©Æ·Íø,ÍøÉÏÂòÒ©,ÍøÉÏ¹ºÒ©,1Ò©Íø"
"2","PIH","https://finance.yahoo.com/quote/PIH","http://www.1347pih.com",NA,NA
"3","PIHPP","https://finance.yahoo.com/quote/PIHPP","http://www.1347pih.com",NA,NA
"4","TURN","https://finance.yahoo.com/quote/TURN","http://www.180degreecapital.com","A publicly traded closed-end fund focused on value creation through constructive activism in microcapitalization publicly traded companies.",NA
"5","FLWS","https://finance.yahoo.com/quote/FLWS","http://www.1800flowers.com","Send flowers and send a smile! Discover fresh flowers online, gift baskets, and florist-designed arrangements. Flower delivery is easy at 1-800-Flowers.com.","flowers, send flowers, flower delivery, fresh flowers, flowers online, flower arrangements, flower bouquets, roses, flower, florist, florists"
"6","BCOW","https://finance.yahoo.com/quote/BCOW","http://www.1895bancorpofwisconsin.com",NA,NA
"7","FCCY","https://finance.yahoo.com/quote/FCCY","http://www.1stconstitution.com",NA,NA
"8","SRCE","https://finance.yahoo.com/quote/SRCE","http://www.1stsource.com","1st&#32;Source&#32;Bank:&#32;Strong.&#32;Stable.&#32;Local.&#32;Personal.","1st&#32;Source&#32;Bank:&#32;Strong.&#32;Stable.&#32;Local.&#32;Personal."
"9","VNET","https://finance.yahoo.com/quote/VNET","http://www.21vianet.com","ä¸–çºªäº’è”æˆç«‹äº1996å¹´ï¼Œæ˜¯å…¨çƒå…·æœ‰é‡è¦å½±å“åŠ›çš„ç½‘ç»œç©ºé—´åŸºç¡€è®¾æ–½æœåŠ¡æä¾›å•†ï¼Œä¹Ÿæ˜¯ä¸­å›½é¢†å…ˆçš„ç¬¬ä¸‰æ–¹æ•°æ®ä¸­å¿ƒè¿è¥å•†ã€‚","ä¸–çºªäº’è”"
"10","TWOU","https://finance.yahoo.com/quote/TWOU","http://2u.com","2U Inc., is an education technology company that partners with top colleges &amp; universities to bring their degree programs and credit-bearing courses online. ",NA
