"","X.https...finance.yahoo.com.quote.CAI.","X.http...www.capps.com."
"1","https://finance.yahoo.com/quote/CAI","http://www.capps.com"
"4","https://finance.yahoo.com/quote/CAL","http://www.caleres.com"
"5","https://finance.yahoo.com/quote/CRC","http://www.crc.com"
"6","https://finance.yahoo.com/quote/CWT","http://www.calwatergroup.com"
"7","https://finance.yahoo.com/quote/CALX","http://www.calix.com"
"8","https://finance.yahoo.com/quote/ELY","http://www.callawaygolf.com"
"9","https://finance.yahoo.com/quote/CPE","http://www.callon.com"
"11","https://finance.yahoo.com/quote/CBM","http://www.cambrex.com"
"12","https://finance.yahoo.com/quote/CPT","http://www.camdenliving.com"
"13","https://finance.yahoo.com/quote/CCJ","http://www.cameco.com"
"14","https://finance.yahoo.com/quote/CPB","http://www.campbellsoupcompany.com"
"15","https://finance.yahoo.com/quote/CWH","http://www.campingworld.com"
"16","https://finance.yahoo.com/quote/GOOS","http://www.canadagoose.com"
"17","https://finance.yahoo.com/quote/CM","http://www.cibc.com"
"18","https://finance.yahoo.com/quote/CNI","http://www.cn.ca"
"19","https://finance.yahoo.com/quote/CNQ","http://www.cnrl.com"
"20","https://finance.yahoo.com/quote/CP","http://www.cpr.ca"
"21","https://finance.yahoo.com/quote/CANG","http://www.cangoonline.com"
"22","https://finance.yahoo.com/quote/CNNE","http://www.cannaeholdings.com"
"23","https://finance.yahoo.com/quote/CTST","http://www.canntrust.ca"
"24","https://finance.yahoo.com/quote/CAJ","http://global.canon"
"25","https://finance.yahoo.com/quote/CGC","http://www.canopygrowth.com"
"26","https://finance.yahoo.com/quote/CMD","http://www.cantelmedical.com"
"27","https://finance.yahoo.com/quote/COF","http://www.capitalone.com"
"34","https://finance.yahoo.com/quote/CSU","http://www.capitalsenior.com"
"35","https://finance.yahoo.com/quote/BXMT","http://www.blackstonemortgagetrust.com"
"36","https://finance.yahoo.com/quote/CIC","http://capinvestment.com"
"39","https://finance.yahoo.com/quote/CPRI","http://www.capriholdings.com"
"40","https://finance.yahoo.com/quote/CMO","http://www.capstead.com"
"42","https://finance.yahoo.com/quote/CRR","http://www.carboceramics.com"
"43","https://finance.yahoo.com/quote/CAH","http://www.cardinalhealth.com"
"44","https://finance.yahoo.com/quote/CRCM","http://www.care.com"
"45","https://finance.yahoo.com/quote/CSL","http://www.carlisle.com"
"46","https://finance.yahoo.com/quote/KMX","http://www.carmax.com"
"47","https://finance.yahoo.com/quote/CCL","http://www.carnivalcorp.com"
"48","https://finance.yahoo.com/quote/CUK","http://www.carnivalplc.com"
"49","https://finance.yahoo.com/quote/CRS","http://www.cartech.com"
"50","https://finance.yahoo.com/quote/CSV","http://www.carriageservices.com"
"51","https://finance.yahoo.com/quote/CARS","http://www.cars.com"
"52","https://finance.yahoo.com/quote/CRI","http://www.carters.com"
"53","https://finance.yahoo.com/quote/CVNA","http://www.carvana.com"
"54","https://finance.yahoo.com/quote/CSLT","http://www.castlighthealth.com"
"55","https://finance.yahoo.com/quote/CTLT","http://www.catalent.com"
"56","https://finance.yahoo.com/quote/CTT           ","http://www.catchmark.com"
"57","https://finance.yahoo.com/quote/CAT","http://www.caterpillar.com"
"58","https://finance.yahoo.com/quote/CATO","http://www.catofashions.com"
"59","https://finance.yahoo.com/quote/CBZ","http://www.cbiz.com"
"60","https://finance.yahoo.com/quote/CBL","http://www.cblproperties.com"
"64","https://finance.yahoo.com/quote/IGR","http://www.cbreclarion.com"
"65","https://finance.yahoo.com/quote/CBRE","http://www.cbre.com"
"66","https://finance.yahoo.com/quote/CBS","http://www.cbscorporation.com"
"69","https://finance.yahoo.com/quote/FUN","http://www.cedarfair.com"
"70","https://finance.yahoo.com/quote/CDR","http://www.cedarrealtytrust.com"
"73","https://finance.yahoo.com/quote/CE","http://www.celanese.com"
"74","https://finance.yahoo.com/quote/CLS","http://www.celestica.com"
"75","https://finance.yahoo.com/quote/CEL","http://www.cellcom.co.il"
"76","https://finance.yahoo.com/quote/CPAC","http://www.cementospacasmayo.com.pe"
"77","https://finance.yahoo.com/quote/CX","http://www.cemex.com"
"78","https://finance.yahoo.com/quote/CVE","http://www.cenovus.com"
"79","https://finance.yahoo.com/quote/CNC","http://www.centene.com"
"80","https://finance.yahoo.com/quote/CEN","http://www.centercoastcap.com"
"81","https://finance.yahoo.com/quote/CNP","http://www.centerpointenergy.com"
"83","https://finance.yahoo.com/quote/EBR","http://www.eletrobras.com"
"85","https://finance.yahoo.com/quote/CEPU","http://www.centralpuerto.com"
"86","https://finance.yahoo.com/quote/CCS","http://www.centurycommunities.com"
"87","https://finance.yahoo.com/quote/CTL","http://www.centurylink.com"
"88","https://finance.yahoo.com/quote/CDAY","http://www.ceridian.com"
"89","https://finance.yahoo.com/quote/CF","http://www.cfindustries.com"
"90","https://finance.yahoo.com/quote/GIB","http://www.cgi.com"
"91","https://finance.yahoo.com/quote/ECOM          ","http://www.channeladvisor.com"
"92","https://finance.yahoo.com/quote/CHAP","http://www.chaparralenergy.com"
"93","https://finance.yahoo.com/quote/CHRA","http://www.charah.com"
"94","https://finance.yahoo.com/quote/CRL","http://www.criver.com"
"95","https://finance.yahoo.com/quote/CLDT","http://www.chathamlodgingtrust.com"
"96","https://finance.yahoo.com/quote/CMCM","http://www.cmcm.com"
"97","https://finance.yahoo.com/quote/CHGG","http://www.chegg.com"
"98","https://finance.yahoo.com/quote/CHE","http://www.chemed.com"
"99","https://finance.yahoo.com/quote/CC","http://www.chemours.com"
"100","https://finance.yahoo.com/quote/CHMI","http://www.chmireit.com"
"103","https://finance.yahoo.com/quote/CHK","http://www.chk.com"
"105","https://finance.yahoo.com/quote/CHKR","http://www.chkgranitewashtrust.com"
"106","https://finance.yahoo.com/quote/CHSP","http://www.chesapeakelodgingtrust.com"
"107","https://finance.yahoo.com/quote/CPK","http://www.chpk.com"
"108","https://finance.yahoo.com/quote/CVX","http://www.chevron.com"
"109","https://finance.yahoo.com/quote/CHS","http://www.chicosfas.com"
"110","https://finance.yahoo.com/quote/CIM","http://www.chimerareit.com"
"115","https://finance.yahoo.com/quote/DL","http://www.cdeledu.com"
"116","https://finance.yahoo.com/quote/CEA","http://www.ceair.com"
"117","https://finance.yahoo.com/quote/CHN","http://www.chinafundinc.com"
"118","https://finance.yahoo.com/quote/CGA","http://www.cgagri.com"
"119","https://finance.yahoo.com/quote/LFC","http://www.e-chinalife.com"
"120","https://finance.yahoo.com/quote/CHL","http://www.chinamobileltd.com"
"121","https://finance.yahoo.com/quote/BORN","http://www.chinanewborun.com"
"123","https://finance.yahoo.com/quote/SNP","http://www.sinopec.com"
"124","https://finance.yahoo.com/quote/XRF","http://ir.crfchina.com"
"125","https://finance.yahoo.com/quote/ZNH","http://www.csair.com"
"126","https://finance.yahoo.com/quote/CHA","http://www.chinatelecom-h.com"
"127","https://finance.yahoo.com/quote/CHU","http://www.chinaunicom.com.hk"
"128","https://finance.yahoo.com/quote/CYD","http://www.cyilimited.com"
"129","https://finance.yahoo.com/quote/CMG","http://www.chipotle.com"
"130","https://finance.yahoo.com/quote/CHH","http://www.choicehotels.com"
"131","https://finance.yahoo.com/quote/CB","http://www.chubb.com"
"132","https://finance.yahoo.com/quote/CHT","http://www.cht.com.tw"
"133","https://finance.yahoo.com/quote/CHD","http://www.churchdwight.com"
"134","https://finance.yahoo.com/quote/CIEN","http://www.ciena.com"
"135","https://finance.yahoo.com/quote/CI","http://www.cigna.com"
"136","https://finance.yahoo.com/quote/XEC","http://www.cimarex.com"
"137","https://finance.yahoo.com/quote/CBB","http://www.cincinnatibell.com"
"139","https://finance.yahoo.com/quote/CNK","http://investors.cinemark.com"
"140","https://finance.yahoo.com/quote/CINR","http://www.ciner.us.com"
"141","https://finance.yahoo.com/quote/CIR","http://www.circor.com"
"142","https://finance.yahoo.com/quote/CISN","http://www.cision.com"
"143","https://finance.yahoo.com/quote/CIT","http://www.cit.com"
"144","https://finance.yahoo.com/quote/BLW","http://www.blackrock.com"
"145","https://finance.yahoo.com/quote/C","http://www.citigroup.com"
"150","https://finance.yahoo.com/quote/CFG","http://www.citizensbank.com"
"152","https://finance.yahoo.com/quote/CIA","http://www.citizensinc.com"
"153","https://finance.yahoo.com/quote/CIO","http://www.cityofficereit.com"
"155","https://finance.yahoo.com/quote/CVEO","http://civeo.com"
"157","https://finance.yahoo.com/quote/CLH","http://www.cleanharbors.com"
"158","https://finance.yahoo.com/quote/CCO","http://www.clearchanneloutdoor.com"
"159","https://finance.yahoo.com/quote/EMO","http://individualinvestor.myleggmason.com"
"160","https://finance.yahoo.com/quote/CEM","http://www.leggmason.com"
"161","https://finance.yahoo.com/quote/CTR","http://individualinvestor.myleggmason.com"
"162","https://finance.yahoo.com/quote/CLW","http://www.clearwaterpaper.com"
"163","https://finance.yahoo.com/quote/CWEN","http://investor.clearwayenergy.com"
"165","https://finance.yahoo.com/quote/CLF","http://www.clevelandcliffs.com"
"166","https://finance.yahoo.com/quote/CLPR","http://www.clipperrealty.com"
"167","https://finance.yahoo.com/quote/CLX","http://www.thecloroxcompany.com"
"168","https://finance.yahoo.com/quote/CLDR","http://www.cloudera.com"
"169","https://finance.yahoo.com/quote/CMS","http://www.cmsenergy.com"
"174","https://finance.yahoo.com/quote/CNA","http://www.cna.com"
"175","https://finance.yahoo.com/quote/CNF","http://www.cashchina.cn"
"176","https://finance.yahoo.com/quote/CNHI","http://www.cnhindustrial.com"
"177","https://finance.yahoo.com/quote/CNO","http://www.cnoinc.com"
"178","https://finance.yahoo.com/quote/CEO","http://www.cnoocltd.com"
"179","https://finance.yahoo.com/quote/CNXM","http://www.cnxmidstream.com"
"180","https://finance.yahoo.com/quote/CEIX","http://www.consolenergy.com"
"181","https://finance.yahoo.com/quote/CNX","http://www.cnx.com"
"182","https://finance.yahoo.com/quote/KOF","http://www.coca-colafemsa.com"
"183","https://finance.yahoo.com/quote/KO","http://www.coca-colacompany.com"
"185","https://finance.yahoo.com/quote/CDE","http://www.coeur.com"
"186","https://finance.yahoo.com/quote/FOF","http://www.cohenandsteers.com"
"187","https://finance.yahoo.com/quote/INB","http://www.cohenandsteers.com"
"188","https://finance.yahoo.com/quote/CNS","http://www.cohenandsteers.com"
"189","https://finance.yahoo.com/quote/UTF","http://www.cohenandsteers.com"
"191","https://finance.yahoo.com/quote/MIE","http://www.cohenandsteers.com"
"192","https://finance.yahoo.com/quote/RQI","http://www.cohenandsteers.com"
"193","https://finance.yahoo.com/quote/RNP","http://www.cohenandsteers.com"
"194","https://finance.yahoo.com/quote/PSF","http://www.cohenandsteers.com"
"195","https://finance.yahoo.com/quote/RFI","http://www.cohenandsteers.com"
"196","https://finance.yahoo.com/quote/CFX","http://www.colfaxcorp.com"
"197","https://finance.yahoo.com/quote/CFXA","http://www.colfaxcorp.com"
"198","https://finance.yahoo.com/quote/CL","http://www.colgatepalmolive.com"
"199","https://finance.yahoo.com/quote/CCH","http://www.colliercreekholdings.com"
"202","https://finance.yahoo.com/quote/CXE","http://www.mfs.com"
"203","https://finance.yahoo.com/quote/CIF","http://www.mfs.com"
"204","https://finance.yahoo.com/quote/CXH","http://www.mfs.com"
"205","https://finance.yahoo.com/quote/CMU","http://www.mfs.com"
"206","https://finance.yahoo.com/quote/CLNY","http://www.clny.com"
"213","https://finance.yahoo.com/quote/CLNC","http://www.clncredit.com"
"214","https://finance.yahoo.com/quote/CXP","http://www.columbia.reit"
"215","https://finance.yahoo.com/quote/STK","http://www.columbiathreadneedleus.com"
"217","https://finance.yahoo.com/quote/CMA","http://www.comerica.com"
"218","https://finance.yahoo.com/quote/FIX","http://www.comfortsystemsusa.com"
"219","https://finance.yahoo.com/quote/CMC","http://www.cmc.com"
"220","https://finance.yahoo.com/quote/CBU","http://cbna.com"
"221","https://finance.yahoo.com/quote/CYH","http://www.chs.net"
"222","https://finance.yahoo.com/quote/CHCT","http://www.chct.reit"
"223","https://finance.yahoo.com/quote/CIG","http://www.cemig.com.br"
"225","https://finance.yahoo.com/quote/CBD","http://www.gpari.com.br"
"226","https://finance.yahoo.com/quote/SBS","http://www.sabesp.com.br"
"227","https://finance.yahoo.com/quote/ELP","http://www.copel.com"
"228","https://finance.yahoo.com/quote/CCU","http://www.ccu.cl"
"229","https://finance.yahoo.com/quote/CODI","http://www.compassequity.com"
"232","https://finance.yahoo.com/quote/CMP","http://www.compassminerals.com"
"233","https://finance.yahoo.com/quote/CRK","http://www.crkfrisco.com"
"234","https://finance.yahoo.com/quote/CAG","http://www.conagrabrands.com"
"235","https://finance.yahoo.com/quote/CXO","http://www.concho.com"
"236","https://finance.yahoo.com/quote/CCM","http://www.concordmedical.com"
"237","https://finance.yahoo.com/quote/CNDT","http://www.conduent.com"
"238","https://finance.yahoo.com/quote/COP","http://www.conocophillips.com"
"239","https://finance.yahoo.com/quote/CCR","http://www.ccrlp.com"
"240","https://finance.yahoo.com/quote/ED","http://www.conedison.com"
"241","https://finance.yahoo.com/quote/STZ","http://www.cbrands.com"
"243","https://finance.yahoo.com/quote/CSTM","http://www.constellium.com"
"244","https://finance.yahoo.com/quote/TCS","http://www.containerstore.com"
"245","https://finance.yahoo.com/quote/CBPX","http://www.continental-bp.com"
"246","https://finance.yahoo.com/quote/CLR","http://www.clr.com"
"247","https://finance.yahoo.com/quote/VLRS","http://www.volaris.com"
"248","https://finance.yahoo.com/quote/CTRA","http://www.conturaenergy.com"
"249","https://finance.yahoo.com/quote/CTB","http://www.coopertire.com"
"250","https://finance.yahoo.com/quote/CPS","http://www.cooperstandard.com"
"251","https://finance.yahoo.com/quote/CTK","http://www.touchpal.com"
"252","https://finance.yahoo.com/quote/CPA","http://copa.gcs-web.com"
"253","https://finance.yahoo.com/quote/CLB","http://www.corelab.com"
"254","https://finance.yahoo.com/quote/CXW","http://www.corecivic.com"
"255","https://finance.yahoo.com/quote/CLGX","http://www.corelogic.com"
"256","https://finance.yahoo.com/quote/CORR","http://corenergy.reit"
"258","https://finance.yahoo.com/quote/CPLG","http://www.corepoint.com"
"259","https://finance.yahoo.com/quote/COR","http://www.CoreSite.com"
"260","https://finance.yahoo.com/quote/GLW","http://www.corning.com"
"261","https://finance.yahoo.com/quote/CAAP","http://www.caap.aero"
"264","https://finance.yahoo.com/quote/CZZ","http://www.cosan.com.br"
"265","https://finance.yahoo.com/quote/CMRE","http://www.costamare.com"
"270","https://finance.yahoo.com/quote/COT","http://www.cott.com"
"271","https://finance.yahoo.com/quote/COTY","http://www.coty.com"
"272","https://finance.yahoo.com/quote/CUZ","http://www.cousins.com"
"273","https://finance.yahoo.com/quote/CVA","http://www.covanta.com"
"274","https://finance.yahoo.com/quote/CVIA","http://www.coviacorp.com"
"275","https://finance.yahoo.com/quote/CPF","http://www.centralpacificbank.com"
"276","https://finance.yahoo.com/quote/CPL","http://www.cpfl.com.br"
"277","https://finance.yahoo.com/quote/CR","http://www.craneco.com"
"280","https://finance.yahoo.com/quote/BAP","http://credicorp.gcs-web.com"
"281","https://finance.yahoo.com/quote/CS","http://www.credit-suisse.com"
"282","https://finance.yahoo.com/quote/CPG","http://www.crescentpointenergy.com"
"283","https://finance.yahoo.com/quote/CEQP","http://www.crestwoodlp.com"
"284","https://finance.yahoo.com/quote/CRH","http://www.crh.com"
"285","https://finance.yahoo.com/quote/CRT","http://www.crt-crosstimbers.com"
"286","https://finance.yahoo.com/quote/CAPL","http://www.crossamericapartners.com"
"287","https://finance.yahoo.com/quote/CCI","http://www.crowncastle.com"
"289","https://finance.yahoo.com/quote/CCK","http://www.crowncork.com"
"290","https://finance.yahoo.com/quote/CRY","http://www.cryolife.com"
"291","https://finance.yahoo.com/quote/CSS","http://www.cssindustries.com"
"292","https://finance.yahoo.com/quote/CTS","http://www.ctscorp.com"
"293","https://finance.yahoo.com/quote/CUBE","http://www.cubesmart.com"
"294","https://finance.yahoo.com/quote/CUB","http://www.cubic.com"
"295","https://finance.yahoo.com/quote/CFR","http://www.frostbank.com"
"297","https://finance.yahoo.com/quote/CULP","http://www.culp.com"
"298","https://finance.yahoo.com/quote/CMI","http://www.cummins.com"
"299","https://finance.yahoo.com/quote/CURO","http://www.curo.com"
"300","https://finance.yahoo.com/quote/CW","http://www.curtisswright.com"
"301","https://finance.yahoo.com/quote/SRF","http://www.cushingcef.com"
"302","https://finance.yahoo.com/quote/SRV","http://www.swankfunds.com"
"303","https://finance.yahoo.com/quote/SZC","http://www.cushingcef.com"
"304","https://finance.yahoo.com/quote/CWK","http://www.cushmanwakefield.com"
"305","https://finance.yahoo.com/quote/CUBI","http://www.customersbank.com"
"310","https://finance.yahoo.com/quote/CVI","http://www.cvrenergy.com"
"311","https://finance.yahoo.com/quote/UAN","http://www.cvrpartners.com"
"312","https://finance.yahoo.com/quote/CVS","http://www.cvshealth.com"
"313","https://finance.yahoo.com/quote/CELP","http://www.cypressenergy.com"
"314","https://finance.yahoo.com/quote/DHI","http://www.drhorton.com"
"315","https://finance.yahoo.com/quote/DAN","http://www.dana.com"
"316","https://finance.yahoo.com/quote/DHR","http://www.danaher.com"
"318","https://finance.yahoo.com/quote/DAC","http://www.danaos.com"
"319","https://finance.yahoo.com/quote/DQ","http://www.dqsolar.com"
"320","https://finance.yahoo.com/quote/DRI","http://www.darden.com"
"321","https://finance.yahoo.com/quote/DAR","http://www.darlingii.com"
"322","https://finance.yahoo.com/quote/DVA","http://www.davita.com"
"323","https://finance.yahoo.com/quote/DCP","http://www.dcpmidstream.com"
"326","https://finance.yahoo.com/quote/DF","http://www.deanfoods.com"
"327","https://finance.yahoo.com/quote/DECK","http://www.deckers.com"
"328","https://finance.yahoo.com/quote/DE","http://www.deere.com"
"329","https://finance.yahoo.com/quote/DEX","http://www.delawareinvestments.com"
"330","https://finance.yahoo.com/quote/DDF","http://www.delawarefunds.com"
"331","https://finance.yahoo.com/quote/DKL","http://www.deleklogistics.com"
"332","https://finance.yahoo.com/quote/DK","http://www.delekus.com"
"333","https://finance.yahoo.com/quote/DELL","http://www.delltechnologies.com"
"334","https://finance.yahoo.com/quote/DLPH","http://www.delphi.com"
"335","https://finance.yahoo.com/quote/DAL","http://www.delta.com"
"336","https://finance.yahoo.com/quote/DLX","http://www.deluxe.com"
"337","https://finance.yahoo.com/quote/DNR","http://www.denbury.com"
"338","https://finance.yahoo.com/quote/DBI","http://www.designerbrands.com"
"339","https://finance.yahoo.com/quote/DESP","http://www.despegar.com.ar"
"341","https://finance.yahoo.com/quote/DB","http://www.db.com"
"343","https://finance.yahoo.com/quote/DVN","http://www.devonenergy.com"
"344","https://finance.yahoo.com/quote/DHX","http://www.dhigroupinc.com"
"345","https://finance.yahoo.com/quote/DHT","http://www.dhtankers.com"
"346","https://finance.yahoo.com/quote/DEO","http://www.diageo.com"
"347","https://finance.yahoo.com/quote/DO","http://www.diamondoffshore.com"
"348","https://finance.yahoo.com/quote/DSSI","http://www.diamondsshipping.com"
"349","https://finance.yahoo.com/quote/DRH","http://www.drhc.com"
"350","https://finance.yahoo.com/quote/DSX","http://www.dianashippinginc.com"
"352","https://finance.yahoo.com/quote/DKS","http://www.dickssportinggoods.com"
"353","https://finance.yahoo.com/quote/DBD","http://www.dieboldnixdorf.com"
"354","https://finance.yahoo.com/quote/DLR","http://www.digitalrealty.com"
"360","https://finance.yahoo.com/quote/DDS","http://www.dillards.com"
"362","https://finance.yahoo.com/quote/DIN","http://www.dinebrands.com"
"363","https://finance.yahoo.com/quote/DPLO","http://www.diplomatpharmacy.com"
"364","https://finance.yahoo.com/quote/DFS","http://www.discover.com"
"365","https://finance.yahoo.com/quote/DNI","http://www.dividendandincomefund.com"
"366","https://finance.yahoo.com/quote/DLB","http://www.dolby.com"
"367","https://finance.yahoo.com/quote/DG","http://www.dollargeneral.com"
"368","https://finance.yahoo.com/quote/D","http://www.dominionenergy.com"
"371","https://finance.yahoo.com/quote/DPZ","http://www.dominos.com"
"372","https://finance.yahoo.com/quote/UFS","http://www.domtar.com"
"373","https://finance.yahoo.com/quote/DCI","http://www.donaldson.com"
"374","https://finance.yahoo.com/quote/DFIN","http://www.dfinsolutions.com"
"375","https://finance.yahoo.com/quote/LPG","http://www.dorianlpg.com"
"376","https://finance.yahoo.com/quote/DSL","http://www.doublelinefunds.com"
"377","https://finance.yahoo.com/quote/DBL","http://www.doubleline.com"
"378","https://finance.yahoo.com/quote/PLOW","http://www.douglasdynamics.com"
"379","https://finance.yahoo.com/quote/DEI","http://www.douglasemmett.com"
"380","https://finance.yahoo.com/quote/DOV","http://www.dovercorporation.com"
"381","https://finance.yahoo.com/quote/DVD","http://www.dovermotorsports.com"
"382","https://finance.yahoo.com/quote/DOW","http://www.dow.com"
"383","https://finance.yahoo.com/quote/DWDP","http://www.dow-dupont.com"
"384","https://finance.yahoo.com/quote/RDY","http://www.drreddys.com"
"385","https://finance.yahoo.com/quote/DRD","http://www.drdgold.com"
"390","https://finance.yahoo.com/quote/LEO","http://im.bnymellon.com"
"391","https://finance.yahoo.com/quote/DRQ","http://www.dril-quip.com"
"392","https://finance.yahoo.com/quote/DS","http://www.driveshack.com"
"396","https://finance.yahoo.com/quote/DTE","http://newlook.dteenergy.com"
"402","https://finance.yahoo.com/quote/DCO","http://www.ducommun.com"
"403","https://finance.yahoo.com/quote/DPG","http://www.dpgfund.com"
"404","https://finance.yahoo.com/quote/DSE","http://www.virtus.com"
"405","https://finance.yahoo.com/quote/DNP","http://www.dnpselectincome.com"
"406","https://finance.yahoo.com/quote/DTF","http://www.dtffund.com"
"407","https://finance.yahoo.com/quote/DUC","http://www.ducfund.com"
"408","https://finance.yahoo.com/quote/DUK","http://www.duke-energy.com"
"412","https://finance.yahoo.com/quote/DRE","http://www.dukerealty.com"
"413","https://finance.yahoo.com/quote/DXC","http://www.dxc.technology"
"414","https://finance.yahoo.com/quote/DY","http://www.dycomind.com"
"415","https://finance.yahoo.com/quote/DLNG","http://www.dynagaspartners.com"
"418","https://finance.yahoo.com/quote/DX","http://www.dynexcapital.com"
"423","https://finance.yahoo.com/quote/ELF","http://www.elfcosmetics.com"
"424","https://finance.yahoo.com/quote/EGIF","http://fwcapitaladvisors.com"
"425","https://finance.yahoo.com/quote/EXP","http://www.eaglematerials.com"
"426","https://finance.yahoo.com/quote/ECC           ","http://www.eaglepointcreditcompany.com"
"427","https://finance.yahoo.com/quote/ECCA","http://www.eaglepointcreditcompany.com"
"428","https://finance.yahoo.com/quote/ECCB","http://www.eaglepointcreditcompany.com"
"431","https://finance.yahoo.com/quote/ESTE","http://www.earthstoneenergy.com"
"432","https://finance.yahoo.com/quote/DEA","http://www.easterlyreit.com"
"433","https://finance.yahoo.com/quote/EGP","http://www.eastgroup.net"
"434","https://finance.yahoo.com/quote/EMN","http://www.eastman.com"
"435","https://finance.yahoo.com/quote/KODK","http://www.kodak.com"
"436","https://finance.yahoo.com/quote/ETN","http://www.eaton.com"
"437","https://finance.yahoo.com/quote/ETV","http://funds.eatonvance.com"
"438","https://finance.yahoo.com/quote/ETW","http://funds.eatonvance.com"
"439","https://finance.yahoo.com/quote/EV","http://www.eatonvance.com"
"440","https://finance.yahoo.com/quote/EOI","http://funds.eatonvance.com"
"441","https://finance.yahoo.com/quote/EOS","http://funds.eatonvance.com"
"442","https://finance.yahoo.com/quote/EFT","http://funds.eatonvance.com"
"444","https://finance.yahoo.com/quote/EFF","http://funds.eatonvance.com"
"445","https://finance.yahoo.com/quote/EHT","http://funds.eatonvance.com"
"446","https://finance.yahoo.com/quote/ETX           ","http://funds.eatonvance.com"
"447","https://finance.yahoo.com/quote/EOT","http://funds.eatonvance.com"
"448","https://finance.yahoo.com/quote/EVN","http://funds.eatonvance.com"
"449","https://finance.yahoo.com/quote/ETJ","http://funds.eatonvance.com"
"450","https://finance.yahoo.com/quote/EFR","http://funds.eatonvance.com"
"451","https://finance.yahoo.com/quote/EVF","http://funds.eatonvance.com"
"452","https://finance.yahoo.com/quote/EVG","http://funds.eatonvance.com"
"453","https://finance.yahoo.com/quote/EVT","http://funds.eatonvance.com"
"454","https://finance.yahoo.com/quote/ETO","http://funds.eatonvance.com"
"455","https://finance.yahoo.com/quote/ETG","http://funds.eatonvance.com"
"456","https://finance.yahoo.com/quote/ETB","http://funds.eatonvance.com"
"457","https://finance.yahoo.com/quote/EXD","http://funds.eatonvance.com"
"458","https://finance.yahoo.com/quote/ETY","http://funds.eatonvance.com"
"459","https://finance.yahoo.com/quote/EXG","http://funds.eatonvance.com"
"461","https://finance.yahoo.com/quote/ECL","http://investor.ecolab.com"
"462","https://finance.yahoo.com/quote/EC","http://www.ecopetrol.com.co"
"463","https://finance.yahoo.com/quote/EIX","http://www.edison.com"
"464","https://finance.yahoo.com/quote/EW","http://www.edwards.com"
"466","https://finance.yahoo.com/quote/EE","http://www.epelectric.com"
"467","https://finance.yahoo.com/quote/ELAN","http://www.elanco.com"
"468","https://finance.yahoo.com/quote/ESTC","http://www.elastic.co"
"469","https://finance.yahoo.com/quote/EGO","http://www.eldoradogold.com"
"470","https://finance.yahoo.com/quote/ESI","http://www.elementsolutionsinc.com"
"471","https://finance.yahoo.com/quote/ELVT","http://www.elevate.com"
"472","https://finance.yahoo.com/quote/LLY","http://www.lilly.com"
"473","https://finance.yahoo.com/quote/EFC","http://www.ellingtonfinancial.com"
"474","https://finance.yahoo.com/quote/EARN","http://www.earnreit.com"
"477","https://finance.yahoo.com/quote/ERJ","http://www.embraer.com"
"478","https://finance.yahoo.com/quote/EME","http://www.emcorgroup.com"
"479","https://finance.yahoo.com/quote/EEX","http://investor.emeraldexpositions.com"
"480","https://finance.yahoo.com/quote/EMES","http://www.emergelp.com"
"481","https://finance.yahoo.com/quote/EBS","http://www.emergentbiosolutions.com"
"482","https://finance.yahoo.com/quote/EMR","http://www.emerson.com"
"483","https://finance.yahoo.com/quote/ESRT","http://www.empirestaterealtytrust.com"
"484","https://finance.yahoo.com/quote/EIG","http://www.employers.com"
"485","https://finance.yahoo.com/quote/EDN","http://www.edenor.com.ar"
"486","https://finance.yahoo.com/quote/ENBL","http://www.enablemidstream.com"
"487","https://finance.yahoo.com/quote/ENB","http://www.enbridge.com"
"489","https://finance.yahoo.com/quote/ECA","http://www.encana.com"
"490","https://finance.yahoo.com/quote/EHC","http://www.encompasshealth.com"
"491","https://finance.yahoo.com/quote/DAVA","http://www.endava.com"
"492","https://finance.yahoo.com/quote/EXK","http://www.edrsilver.com"
"493","https://finance.yahoo.com/quote/ENIA","http://www.enelamericas.com"
"494","https://finance.yahoo.com/quote/ENIC","http://www.enel.cl"
"495","https://finance.yahoo.com/quote/ENR","http://www.energizerholdings.com"
"497","https://finance.yahoo.com/quote/EPC","http://edgewell.com"
"498","https://finance.yahoo.com/quote/ET","http://www.energytransfer.com"
"502","https://finance.yahoo.com/quote/ERF","http://www.enerplus.com"
"503","https://finance.yahoo.com/quote/ENS","http://www.enersys.com"
"504","https://finance.yahoo.com/quote/E","http://www.eni.com"
"505","https://finance.yahoo.com/quote/ENLC","http://www.enlink.com"
"506","https://finance.yahoo.com/quote/EBF","http://www.ennis.com"
"507","https://finance.yahoo.com/quote/ENVA","http://www.enova.com"
"508","https://finance.yahoo.com/quote/NPO","http://www.enproindustries.com"
"509","https://finance.yahoo.com/quote/ESV","http://www.enscorowan.com"
"510","https://finance.yahoo.com/quote/ETM","http://www.entercom.com"
"514","https://finance.yahoo.com/quote/ETR","http://www.entergy.com"
"522","https://finance.yahoo.com/quote/EPD","http://www.enterpriseproducts.com"
"523","https://finance.yahoo.com/quote/EVC","http://www.entravision.com"
"524","https://finance.yahoo.com/quote/ENV","http://www.envestnet.com"
"526","https://finance.yahoo.com/quote/ENZ","http://www.enzo.com"
"527","https://finance.yahoo.com/quote/EOG","http://www.eogresources.com"
"529","https://finance.yahoo.com/quote/EPAM","http://www.epam.com"
"530","https://finance.yahoo.com/quote/EPR","http://www.eprkc.com"
"534","https://finance.yahoo.com/quote/EQM","http://www.eqm-midstreampartners.com"
"535","https://finance.yahoo.com/quote/EQT","http://www.eqt.com"
"536","https://finance.yahoo.com/quote/EFX","http://www.equifax.com"
"537","https://finance.yahoo.com/quote/EQNR","http://www.equinor.com"
"538","https://finance.yahoo.com/quote/ETRN","http://www.equitransmidstream.com"
"539","https://finance.yahoo.com/quote/EQC","http://www.eqcre.com"
"541","https://finance.yahoo.com/quote/ELS","http://www.equitylifestyleproperties.com"
"542","https://finance.yahoo.com/quote/EQR","http://www.equityapartments.com"
"543","https://finance.yahoo.com/quote/EQS","http://www.equuscap.com"
"544","https://finance.yahoo.com/quote/ERA","http://www.erahelicopters.com"
"545","https://finance.yahoo.com/quote/EROS","http://www.erosplc.com"
"546","https://finance.yahoo.com/quote/ESE","http://www.escotechnologies.com"
"547","https://finance.yahoo.com/quote/ESNT","http://www.essentgroup.com"
"548","https://finance.yahoo.com/quote/EPRT","http://www.essentialproperties.com"
"549","https://finance.yahoo.com/quote/ESS","http://www.essexapartmenthomes.com"
"550","https://finance.yahoo.com/quote/EL","http://www.elcompanies.com"
"551","https://finance.yahoo.com/quote/ETH","http://www.ethanallen.com"
"552","https://finance.yahoo.com/quote/EURN","http://www.euronav.com"
"553","https://finance.yahoo.com/quote/EEA","http://fundsus.deutscheam.com"
"554","https://finance.yahoo.com/quote/EB","http://www.eventbrite.com"
"555","https://finance.yahoo.com/quote/EVR","http://www.evercore.com"
"556","https://finance.yahoo.com/quote/RE","http://www.everestre.com"
"557","https://finance.yahoo.com/quote/EVRG","http://www.evergyinc.com"
"558","https://finance.yahoo.com/quote/EVRI","http://www.everi.com"
"559","https://finance.yahoo.com/quote/ES","http://www.eversource.com"
"560","https://finance.yahoo.com/quote/EVTC","http://www.evertecinc.com"
"561","https://finance.yahoo.com/quote/EVH","http://www.evolenthealth.com"
"562","https://finance.yahoo.com/quote/AQUA","http://www.evoqua.com"
"563","https://finance.yahoo.com/quote/XAN","http://www.exantas.com"
"565","https://finance.yahoo.com/quote/EXC","http://www.exeloncorp.com"
"566","https://finance.yahoo.com/quote/EXPR","http://www.express.com"
"567","https://finance.yahoo.com/quote/EXTN","http://www.exterran.com"
"568","https://finance.yahoo.com/quote/EXR","http://www.extraspace.com"
"569","https://finance.yahoo.com/quote/XOM","http://corporate.exxonmobil.com"
"570","https://finance.yahoo.com/quote/FNB","http://www.fnb-online.com"
"572","https://finance.yahoo.com/quote/FN","http://www.fabrinet.com"
"573","https://finance.yahoo.com/quote/FDS","http://www.factset.com"
"574","https://finance.yahoo.com/quote/FICO","http://www.fico.com"
"575","https://finance.yahoo.com/quote/SFUN","http://www.fang.com"
"580","https://finance.yahoo.com/quote/FPI","http://www.farmlandpartners.com"
"583","https://finance.yahoo.com/quote/FBK","http://www.firstbankonline.com"
"584","https://finance.yahoo.com/quote/FFG","http://www.fblfinancial.com"
"585","https://finance.yahoo.com/quote/AGM","http://www.farmermac.com"
"591","https://finance.yahoo.com/quote/FRT","http://www.federalrealty.com"
"593","https://finance.yahoo.com/quote/FSS","http://www.federalsignal.com"
"594","https://finance.yahoo.com/quote/FII","http://www.federatedinvestors.com"
"595","https://finance.yahoo.com/quote/FMN","http://www.federatedinvestors.com"
"596","https://finance.yahoo.com/quote/FDX","http://www.fedex.com"
"597","https://finance.yahoo.com/quote/RACE","http://www.ferrari.com"
"598","https://finance.yahoo.com/quote/FGP","http://www.ferrellgas.com"
"599","https://finance.yahoo.com/quote/FOE","http://www.ferro.com"
"600","https://finance.yahoo.com/quote/FG","http://www.fglife.bm"
"602","https://finance.yahoo.com/quote/FCAU","http://www.fcagroup.com"
"603","https://finance.yahoo.com/quote/FNF","http://www.fnf.com"
"604","https://finance.yahoo.com/quote/FIS","http://www.fisglobal.com"
"605","https://finance.yahoo.com/quote/FMO","http://www.guggenheiminvestments.com"
"606","https://finance.yahoo.com/quote/FAF","http://www.firstam.com"
"607","https://finance.yahoo.com/quote/FBP","http://www.1firstbank.com"
"608","https://finance.yahoo.com/quote/FCF","http://www.fcbanking.com"
"609","https://finance.yahoo.com/quote/FDC","http://www.firstdata.com"
"610","https://finance.yahoo.com/quote/FHN","http://www.firsthorizon.com"
"612","https://finance.yahoo.com/quote/FR","http://www.firstindustrial.com"
"613","https://finance.yahoo.com/quote/AG","http://www.firstmajestic.com"
"614","https://finance.yahoo.com/quote/FRC","http://www.firstrepublic.com"
"620","https://finance.yahoo.com/quote/FFA","http://www.ftportfolios.com"
"621","https://finance.yahoo.com/quote/FMY","http://www.ftportfolios.com"
"622","https://finance.yahoo.com/quote/FDEU","http://www.ftportfolios.com"
"623","https://finance.yahoo.com/quote/FIF","http://www.ftportfolios.com"
"624","https://finance.yahoo.com/quote/FSD","http://www.ftportfolios.com"
"626","https://finance.yahoo.com/quote/FEI           ","http://www.ftportfolios.com"
"627","https://finance.yahoo.com/quote/FPL","http://www.ftportfolios.com"
"628","https://finance.yahoo.com/quote/FIV","http://www.ftportfolios.com"
"629","https://finance.yahoo.com/quote/FCT","http://www.ftportfolios.com"
"630","https://finance.yahoo.com/quote/FGB","http://www.ftportfolios.com"
"631","https://finance.yahoo.com/quote/FEO","http://www.ftportfolios.com"
"632","https://finance.yahoo.com/quote/FAM","http://www.ftportfolios.com"
"633","https://finance.yahoo.com/quote/FE","http://www.firstenergycorp.com"
"634","https://finance.yahoo.com/quote/FIT","http://www.fitbit.com"
"635","https://finance.yahoo.com/quote/FPH","http://www.fivepoint.com"
"636","https://finance.yahoo.com/quote/FBC","http://www.flagstar.com"
"637","https://finance.yahoo.com/quote/DFP","http://www.flahertyfunds.com"
"638","https://finance.yahoo.com/quote/PFD","http://www.preferredincome.com"
"639","https://finance.yahoo.com/quote/PFO","http://www.preferredincome.com"
"640","https://finance.yahoo.com/quote/FFC","http://www.flahertyfunds.com"
"641","https://finance.yahoo.com/quote/FLC","http://www.flahertyfunds.com"
"642","https://finance.yahoo.com/quote/FLT","http://www.fleetcor.com"
"643","https://finance.yahoo.com/quote/FND","http://www.flooranddecor.com"
"644","https://finance.yahoo.com/quote/FTK","http://www.flotekind.com"
"645","https://finance.yahoo.com/quote/FLO","http://www.flowersfoods.com"
"646","https://finance.yahoo.com/quote/FLS","http://www.flowserve.com"
"647","https://finance.yahoo.com/quote/FLR","http://www.fluor.com"
"648","https://finance.yahoo.com/quote/FLY","http://www.flyleasing.com"
"649","https://finance.yahoo.com/quote/FMC","http://www.fmc.com"
"650","https://finance.yahoo.com/quote/FMX","http://www.femsa.com"
"651","https://finance.yahoo.com/quote/FL","http://www.footlocker-inc.com"
"652","https://finance.yahoo.com/quote/F","http://www.ford.com"
"653","https://finance.yahoo.com/quote/FELP","http://www.foresight.com"
"654","https://finance.yahoo.com/quote/FOR","http://www.forestar.com"
"655","https://finance.yahoo.com/quote/FTS","http://www.fortisinc.com"
"656","https://finance.yahoo.com/quote/FTV","http://www.fortive.com"
"658","https://finance.yahoo.com/quote/FTAI","http://www.ftandi.com"
"659","https://finance.yahoo.com/quote/FSM","http://www.fortunasilver.com"
"660","https://finance.yahoo.com/quote/FBHS","http://www.fbhs.com"
"661","https://finance.yahoo.com/quote/FET","http://www.f-e-t.com"
"662","https://finance.yahoo.com/quote/FBM","http://www.fbmsales.com"
"663","https://finance.yahoo.com/quote/FCPT","http://www.fcpt.com"
"664","https://finance.yahoo.com/quote/FEDU","http://www.sijiedu.com"
"665","https://finance.yahoo.com/quote/FNV","http://www.franco-nevada.com"
"666","https://finance.yahoo.com/quote/FC","http://www.franklincovey.com"
"667","https://finance.yahoo.com/quote/FSB","http://www.franklinsynergybank.com"
"668","https://finance.yahoo.com/quote/BEN","http://www.franklinresources.com"
"669","https://finance.yahoo.com/quote/FT","http://www.franklintempleton.com"
"670","https://finance.yahoo.com/quote/FI","http://www.franksinternational.com"
"671","https://finance.yahoo.com/quote/FCX","http://www.fcx.com"
"672","https://finance.yahoo.com/quote/FMS","http://www.freseniusmedicalcare.com"
"673","https://finance.yahoo.com/quote/FDP","http://www.freshdelmonte.com"
"674","https://finance.yahoo.com/quote/RESI","http://www.FrontYardResidential.com"
"675","https://finance.yahoo.com/quote/FRO","http://www.frontline.bm"
"676","https://finance.yahoo.com/quote/FSK","http://www.fsinvestmentcorp.com"
"677","https://finance.yahoo.com/quote/FCN","http://www.fticonsulting.com"
"678","https://finance.yahoo.com/quote/FTSI","http://www.ftsi.com"
"679","https://finance.yahoo.com/quote/FF","http://www.futurefuelcorporation.com"
"680","https://finance.yahoo.com/quote/GCV","http://www.gabelli.com"
"682","https://finance.yahoo.com/quote/GDV","http://www.gabelli.com"
"686","https://finance.yahoo.com/quote/GAB","http://www.gabelli.com"
"691","https://finance.yahoo.com/quote/GGZ","http://www.gabelli.com"
"693","https://finance.yahoo.com/quote/GGT","http://www.gabelli.com"
"696","https://finance.yahoo.com/quote/GUT","http://www.gabelli.com"
"699","https://finance.yahoo.com/quote/GCAP","http://www.gaincapital.com"
"700","https://finance.yahoo.com/quote/GBL","http://www.gabelli.com"
"701","https://finance.yahoo.com/quote/GNT","http://www.gabelli.com"
"703","https://finance.yahoo.com/quote/GME","http://www.gamestop.com"
"704","https://finance.yahoo.com/quote/GPS","http://www.gapinc.com"
"705","https://finance.yahoo.com/quote/GDI","http://www.gardnerdenver.com"
"706","https://finance.yahoo.com/quote/GTX","http://www.garrettmotion.com"
"707","https://finance.yahoo.com/quote/IT","http://www.gartner.com"
"708","https://finance.yahoo.com/quote/GLOG","http://www.gaslogltd.com"
"710","https://finance.yahoo.com/quote/GLOP","http://www.gaslogmlp.com"
"714","https://finance.yahoo.com/quote/GTES","http://www.gates.com"
"715","https://finance.yahoo.com/quote/GATX","http://www.gatx.com"
"717","https://finance.yahoo.com/quote/GCP","http://www.gcpat.com"
"718","https://finance.yahoo.com/quote/GNK","http://www.gencoshipping.com"
"719","https://finance.yahoo.com/quote/GNRC","http://www.generac.com"
"720","https://finance.yahoo.com/quote/GAM","http://www.generalamericaninvestors.com"
"722","https://finance.yahoo.com/quote/GD","http://www.gd.com"
"723","https://finance.yahoo.com/quote/GE","http://www.ge.com"
"724","https://finance.yahoo.com/quote/GIS","http://www.generalmills.com"
"725","https://finance.yahoo.com/quote/GM","http://www.gm.com"
"727","https://finance.yahoo.com/quote/GCO","http://www.genesco.com"
"728","https://finance.yahoo.com/quote/GWR","http://www.gwrr.com"
"729","https://finance.yahoo.com/quote/GEL","http://www.genesisenergy.com"
"730","https://finance.yahoo.com/quote/GEN           ","http://www.genesishcc.com"
"731","https://finance.yahoo.com/quote/GNE","http://www.genie.com"
"733","https://finance.yahoo.com/quote/G","http://www.genpact.com"
"734","https://finance.yahoo.com/quote/GPC","http://www.genpt.com"
"735","https://finance.yahoo.com/quote/GNW","http://www.genworth.com"
"736","https://finance.yahoo.com/quote/GEO","http://www.geogroup.com"
"737","https://finance.yahoo.com/quote/GPRK","http://www.geo-park.com"
"739","https://finance.yahoo.com/quote/GGB","http://www.gerdau.com"
"740","https://finance.yahoo.com/quote/GTY","http://www.gettyrealty.com"
"741","https://finance.yahoo.com/quote/GIG","http://www.gigcapitalglobal.com"
"745","https://finance.yahoo.com/quote/GIL","http://www.gildan.com"
"746","https://finance.yahoo.com/quote/GLT","http://www.glatfelter.com"
"747","https://finance.yahoo.com/quote/GKOS","http://www.glaukos.com"
"748","https://finance.yahoo.com/quote/GSK","http://www.gsk.com"
"749","https://finance.yahoo.com/quote/BRSS","http://www.gbcholdings.com"
"750","https://finance.yahoo.com/quote/CO","http://www.globalcordbloodcorp.com"
"753","https://finance.yahoo.com/quote/GNL","http://www.globalnetlease.com"
"755","https://finance.yahoo.com/quote/GLP","http://www.globalp.com"
"757","https://finance.yahoo.com/quote/GPN","http://www.globalpaymentsinc.com"
"758","https://finance.yahoo.com/quote/GSL","http://www.globalshiplease.com"
"760","https://finance.yahoo.com/quote/GLOB","http://www.globant.com"
"761","https://finance.yahoo.com/quote/GMED","http://www.globusmedical.com"
"762","https://finance.yahoo.com/quote/GMS","http://www.gms.com"
"763","https://finance.yahoo.com/quote/GNC","http://www.gnc.com"
"764","https://finance.yahoo.com/quote/GDDY","http://www.godaddy.com"
"765","https://finance.yahoo.com/quote/GOL","http://www.voegol.com.br"
"766","https://finance.yahoo.com/quote/GFI","http://www.goldfields.co.za"
"767","https://finance.yahoo.com/quote/GSBD","http://www.goldmansachsbdc.com"
"768","https://finance.yahoo.com/quote/GS","http://www.goldmansachs.com"
"776","https://finance.yahoo.com/quote/GER","http://assetmanagement.gs.com"
"778","https://finance.yahoo.com/quote/GRC","http://www.gormanrupp.com"
"779","https://finance.yahoo.com/quote/GPX","http://www.gpstrategies.com"
"780","https://finance.yahoo.com/quote/GGG","http://www.graco.com"
"781","https://finance.yahoo.com/quote/GRAF","http://www.grafacq.com"
"784","https://finance.yahoo.com/quote/EAF","http://www.graftech.com"
"785","https://finance.yahoo.com/quote/GHM","http://www.graham-mfg.com"
"786","https://finance.yahoo.com/quote/GHC","http://www.ghco.com"
"787","https://finance.yahoo.com/quote/GRAM","http://www.granaymontero.com.pe/en/home"
"788","https://finance.yahoo.com/quote/GVA","http://www.graniteconstruction.com"
"789","https://finance.yahoo.com/quote/GPMT","http://www.gpmortgagetrust.com"
"791","https://finance.yahoo.com/quote/GPK","http://www.graphicpkg.com"
"792","https://finance.yahoo.com/quote/GTN","http://www.gray.tv"
"794","https://finance.yahoo.com/quote/AJX","http://www.great-ajax.com"
"796","https://finance.yahoo.com/quote/GWB","http://www.greatwesternbank.com"
"797","https://finance.yahoo.com/quote/GDOT","http://www.greendot.com"
"798","https://finance.yahoo.com/quote/GBX","http://www.gbrx.com"
"799","https://finance.yahoo.com/quote/GHL","http://www.greenhill.com"
"800","https://finance.yahoo.com/quote/GHG","http://www.998.com"
"801","https://finance.yahoo.com/quote/GEF","http://www.greif.com"
"803","https://finance.yahoo.com/quote/GFF","http://www.griffon.com"
"804","https://finance.yahoo.com/quote/GPI","http://www.group1auto.com"
"805","https://finance.yahoo.com/quote/GRUB","http://investors.grubhub.com"
"806","https://finance.yahoo.com/quote/PAC","http://www.aeropuertosgap.com.mx"
"807","https://finance.yahoo.com/quote/ASR","http://www.asur.com.mx"
"808","https://finance.yahoo.com/quote/AVAL","http://www.grupoaval.com"
"809","https://finance.yahoo.com/quote/SUPV","http://www.gruposupervielle.com"
"810","https://finance.yahoo.com/quote/TV","http://www.televisa.com"
"811","https://finance.yahoo.com/quote/GSAH","http://www.gsacquisition.com"
"814","https://finance.yahoo.com/quote/GTT","http://www.gtt.net"
"815","https://finance.yahoo.com/quote/GSH","http://www.gsrc.com"
"816","https://finance.yahoo.com/quote/GES","http://www.guess.com"
"817","https://finance.yahoo.com/quote/GGM","http://guggenheiminvestments.com"
"818","https://finance.yahoo.com/quote/GPM","http://www.guggenheimfunds.com"
"819","https://finance.yahoo.com/quote/GOF","http://www.guggenheiminvestments.com"
"820","https://finance.yahoo.com/quote/GBAB","http://www.guggenheiminvestments.com"
"821","https://finance.yahoo.com/quote/GWRE","http://www.guidewire.com"
"822","https://finance.yahoo.com/quote/HRB","http://www.hrblock.com"
"823","https://finance.yahoo.com/quote/FUL","http://www.hbfuller.com"
"824","https://finance.yahoo.com/quote/HAE","http://www.haemonetics.com"
"825","https://finance.yahoo.com/quote/HK","http://www.halconresources.com"
"827","https://finance.yahoo.com/quote/HAL","http://www.halliburton.com"
"828","https://finance.yahoo.com/quote/HBB","http://www.hamiltonbeachbrands.com"
"829","https://finance.yahoo.com/quote/HBI","http://www.hanes.com"
"830","https://finance.yahoo.com/quote/HNGR","http://www.hanger.com"
"831","https://finance.yahoo.com/quote/HASI","http://www.hannonarmstrong.com"
"832","https://finance.yahoo.com/quote/HOG","http://www.harley-davidson.com"
"833","https://finance.yahoo.com/quote/HMY","http://www.harmony.co.za"
"834","https://finance.yahoo.com/quote/HRS","http://www.harris.com"
"835","https://finance.yahoo.com/quote/HSC","http://www.harsco.com"
"836","https://finance.yahoo.com/quote/HHS","http://www.hartehanks.com"
"838","https://finance.yahoo.com/quote/HIG","http://www.thehartford.com"
"841","https://finance.yahoo.com/quote/HVT","http://www.havertys.com"
"843","https://finance.yahoo.com/quote/HE","http://www.hei.com"
"844","https://finance.yahoo.com/quote/HCHC","http://www.hc2.com"
"845","https://finance.yahoo.com/quote/HCA","http://www.hcahealthcare.com"
"846","https://finance.yahoo.com/quote/HCI","http://www.hcigroup.com"
"847","https://finance.yahoo.com/quote/HCP","http://www.hcpi.com"
"848","https://finance.yahoo.com/quote/HDB","http://www.hdfcbank.com"
"849","https://finance.yahoo.com/quote/HR","http://www.healthcarerealty.com"
"850","https://finance.yahoo.com/quote/HTA","http://www.htareit.com"
"851","https://finance.yahoo.com/quote/HL","http://www.hecla-mining.com"
"853","https://finance.yahoo.com/quote/HEI","http://www.heico.com"
"855","https://finance.yahoo.com/quote/HLX","http://www.helixesg.com"
"856","https://finance.yahoo.com/quote/HP","http://www.hpinc.com"
"857","https://finance.yahoo.com/quote/HLF","http://www.herbalife.com"
"858","https://finance.yahoo.com/quote/HRI","http://ir.hercrentals.com"
"861","https://finance.yahoo.com/quote/HTGC","http://www.htgc.com"
"862","https://finance.yahoo.com/quote/HRTG","http://www.heritagepci.com"
"863","https://finance.yahoo.com/quote/HT","http://www.hersha.com"
"867","https://finance.yahoo.com/quote/HSY","http://www.thehersheycompany.com"
"868","https://finance.yahoo.com/quote/HTZ","http://www.hertz.com"
"869","https://finance.yahoo.com/quote/HES","http://www.hess.com"
"870","https://finance.yahoo.com/quote/HESM","http://www.hessmidstream.com"
"871","https://finance.yahoo.com/quote/HPE","http://www.hpe.com"
"872","https://finance.yahoo.com/quote/HXL","http://www.hexcel.com"
"873","https://finance.yahoo.com/quote/HF","http://www.hfflp.com"
"874","https://finance.yahoo.com/quote/HCLP","http://www.hicrush.com"
"875","https://finance.yahoo.com/quote/PCF","http://www.putnam.com"
"877","https://finance.yahoo.com/quote/HFRO","http://www.highlandfunds.com"
"878","https://finance.yahoo.com/quote/HPR","http://www.hpres.com"
"879","https://finance.yahoo.com/quote/HIW","http://www.highwoods.com"
"880","https://finance.yahoo.com/quote/HIL","http://www.hillintl.com"
"881","https://finance.yahoo.com/quote/HI","http://www.hillenbrand.com"
"882","https://finance.yahoo.com/quote/HRC","http://www.hill-rom.com"
"883","https://finance.yahoo.com/quote/HTH","http://www.hilltop-holdings.com"
"884","https://finance.yahoo.com/quote/HGV","http://www.hgv.com"
"885","https://finance.yahoo.com/quote/HLT","http://www3.hilton.com"
"886","https://finance.yahoo.com/quote/HNI","http://www.hnicorp.com"
"887","https://finance.yahoo.com/quote/HMLP","http://www.hoeghlngpartners.com"
"889","https://finance.yahoo.com/quote/HEP","http://www.hollyenergy.com"
"890","https://finance.yahoo.com/quote/HFC","http://www.hollyfrontier.com"
"891","https://finance.yahoo.com/quote/HD","http://www.homedepot.com"
"892","https://finance.yahoo.com/quote/HMC","http://www.honda.co.jp"
"893","https://finance.yahoo.com/quote/HON","http://www.honeywell.com"
"894","https://finance.yahoo.com/quote/HMN","http://www.horacemann.com"
"895","https://finance.yahoo.com/quote/HZN","http://www.horizonglobal.com"
"897","https://finance.yahoo.com/quote/HRL","http://www.hormelfoods.com"
"898","https://finance.yahoo.com/quote/HOS","http://www.hornbeckoffshore.com"
"899","https://finance.yahoo.com/quote/HST","http://www.hosthotels.com"
"900","https://finance.yahoo.com/quote/HLI","http://www.hl.com"
"901","https://finance.yahoo.com/quote/HOV","http://www.khov.com"
"902","https://finance.yahoo.com/quote/HHC","http://www.howardhughes.com"
"903","https://finance.yahoo.com/quote/HPQ","http://www.hp.com"
"904","https://finance.yahoo.com/quote/HSBC","http://www.hsbc.com"
"906","https://finance.yahoo.com/quote/HMI","http://www.huami.com"
"907","https://finance.yahoo.com/quote/HNP","http://www.hpi.com.cn"
"908","https://finance.yahoo.com/quote/HUBB","http://www.hubbell.com"
"909","https://finance.yahoo.com/quote/HUBS","http://www.hubspot.com"
"910","https://finance.yahoo.com/quote/HBM","http://www.hudbayminerals.com"
"911","https://finance.yahoo.com/quote/HUD","http://www.hudsongroup.com"
"912","https://finance.yahoo.com/quote/HPP","http://www.hudsonpacificproperties.com"
"913","https://finance.yahoo.com/quote/HUM","http://www.humana.com"
"914","https://finance.yahoo.com/quote/HCFT","http://www.huntcompaniesfinancetrust.com"
"915","https://finance.yahoo.com/quote/HII","http://www.huntingtoningalls.com"
"916","https://finance.yahoo.com/quote/HUN","http://www.huntsman.com"
"917","https://finance.yahoo.com/quote/HUYA","http://www.huya.com"
"918","https://finance.yahoo.com/quote/H","http://www.hyatt.com"
"919","https://finance.yahoo.com/quote/HY","http://www.hyster-yale.com"
"920","https://finance.yahoo.com/quote/IAG","http://www.iamgold.com"
"921","https://finance.yahoo.com/quote/IBN","http://www.icicibank.com"
"922","https://finance.yahoo.com/quote/IDA","http://www.idacorpinc.com"
"923","https://finance.yahoo.com/quote/IEX","http://www.idexcorp.com"
"924","https://finance.yahoo.com/quote/IDT","http://www.idt.net"
"925","https://finance.yahoo.com/quote/ITW","http://www.itw.com"
"926","https://finance.yahoo.com/quote/IMAX","http://www.imax.com"
"927","https://finance.yahoo.com/quote/ICD","http://www.icdrilling.com"
"928","https://finance.yahoo.com/quote/IHC","http://www.ihcgroup.com"
"929","https://finance.yahoo.com/quote/IRT","http://www.irtliving.com"
"930","https://finance.yahoo.com/quote/IFN","http://www.aberdeenifn.com"
"931","https://finance.yahoo.com/quote/IBA","http://bachoco.com.mx"
"932","https://finance.yahoo.com/quote/INFY","http://www.infosys.com"
"933","https://finance.yahoo.com/quote/ING","http://www.ing.com"
"936","https://finance.yahoo.com/quote/IR","http://www.company.ingersollrand.com"
"937","https://finance.yahoo.com/quote/NGVT","http://www.ingevity.com"
"938","https://finance.yahoo.com/quote/INGR","http://www.ingredion.com"
"939","https://finance.yahoo.com/quote/IIPR","http://www.innovativeindustrialproperties.com"
"941","https://finance.yahoo.com/quote/IPHI","http://www.inphi.com"
"942","https://finance.yahoo.com/quote/INSI","http://www.cutwater.com"
"943","https://finance.yahoo.com/quote/NSP","http://www.insperity.com"
"944","https://finance.yahoo.com/quote/INSP","http://www.inspiresleep.com"
"945","https://finance.yahoo.com/quote/IBP","http://www.installedbuildingproducts.com"
"946","https://finance.yahoo.com/quote/INST","http://www.instructure.com"
"947","https://finance.yahoo.com/quote/ITGR","http://www.integer.net"
"948","https://finance.yahoo.com/quote/I","http://www.intelsat.com"
"949","https://finance.yahoo.com/quote/ICE","http://www.intercontinentalexchange.com"
"950","https://finance.yahoo.com/quote/IHG","http://www.ihgplc.com"
"951","https://finance.yahoo.com/quote/IBM","http://www.ibm.com"
"952","https://finance.yahoo.com/quote/IFF","http://www.iff.com"
"954","https://finance.yahoo.com/quote/IGT","http://www.igt.com"
"955","https://finance.yahoo.com/quote/IP","http://www.internationalpaper.com"
"956","https://finance.yahoo.com/quote/INSW","http://www.intlseas.com"
"958","https://finance.yahoo.com/quote/IPG","http://www.interpublic.com"
"959","https://finance.yahoo.com/quote/INXN","http://www.interxion.com"
"960","https://finance.yahoo.com/quote/IPI","http://www.intrepidpotash.com"
"961","https://finance.yahoo.com/quote/IVC","http://www.invacare.com"
"962","https://finance.yahoo.com/quote/VBF","http://www.invesco.com"
"963","https://finance.yahoo.com/quote/VCV","http://www.invesco.com"
"964","https://finance.yahoo.com/quote/VTA","http://www.invesco.com"
"965","https://finance.yahoo.com/quote/IHIT","http://www.invesco.com"
"967","https://finance.yahoo.com/quote/VLT","http://www.invesco.com"
"968","https://finance.yahoo.com/quote/IVR","http://www.invescomortgagecapital.com"
"972","https://finance.yahoo.com/quote/OIA","http://www.invesco.com"
"973","https://finance.yahoo.com/quote/VMO","http://www.invesco.com"
"974","https://finance.yahoo.com/quote/VKQ","http://www.invesco.com"
"975","https://finance.yahoo.com/quote/VPV","http://www.invesco.com"
"976","https://finance.yahoo.com/quote/IVZ","http://www.invesco.com"
"977","https://finance.yahoo.com/quote/IQI","http://www.invesco.com"
"978","https://finance.yahoo.com/quote/VVR","http://www.invesco.com"
"979","https://finance.yahoo.com/quote/VTN","http://www.invesco.com"
"980","https://finance.yahoo.com/quote/VGM","http://www.invesco.com"
"981","https://finance.yahoo.com/quote/IIM","http://www.invesco.com"
"982","https://finance.yahoo.com/quote/IRET","http://www.iretapartments.com"
"984","https://finance.yahoo.com/quote/NVTA","http://www.invitae.com"
"985","https://finance.yahoo.com/quote/INVH","http://www.InvitationHomes.com"
"986","https://finance.yahoo.com/quote/IO","http://www.iongeo.com"
"987","https://finance.yahoo.com/quote/IQV","http://www.iqvia.com"
"988","https://finance.yahoo.com/quote/IRM","http://www.ironmountain.com"
"989","https://finance.yahoo.com/quote/IRS","http://www.irsa.com.ar"
"990","https://finance.yahoo.com/quote/ICL","http://www.icl-group.com"
"991","https://finance.yahoo.com/quote/STAR          ","http://www.istar.com"
"995","https://finance.yahoo.com/quote/ITCB","http://www.itau.cl"
"996","https://finance.yahoo.com/quote/ITUB","http://www.itau.com.br"
"997","https://finance.yahoo.com/quote/ITT","http://www.itt.com"
"998","https://finance.yahoo.com/quote/IVH","http://www.ivyfunds.com"
"999","https://finance.yahoo.com/quote/JPM","http://www.jpmorganchase.com"
