"","wiki_company","companylist_name"
"1","Primoris Services Corporation","Primoris Services Corporation"
"2","Dunkin' Brands",""
"3","Werner Enterprises",""
"4","Commvault",""
"5","Akamai Technologies",""
"6","PacSun",""
"7","Aerie Pharmaceuticals",""
"8","Northern Trust","Northern Trust Corporation"
"9","Expedia Group",""
"10","Opera Software",""
"11","BioMarin Pharmaceutical",""
"12","California First National Bancorp",""
"13","Mindbody Inc.",""
"14","JD.com",""
"15","Papa John's Pizza",""
"16","Syneos Health","Syneos Health, Inc."
"17","Logitech",""
"18","Qlik",""
"19","Delcath Systems",""
"20","Leading Brands",""
"21","NxStage",""
"22","Weibo (company)",""
"23","Overland Storage",""
"24","Advanced Micro Devices",""
"25","Smith Micro Software","Smith Micro Software, Inc."
"26","Tractor Supply Company",""
"27","Kite Pharma",""
"28","Intellia Therapeutics",""
"29","AmTrust Financial Services",""
"30","Nvidia","NVIDIA Corporation"
"31","Clavister",""
"32","BioLineRx",""
"33","Pinnacle Financial Partners","Pinnacle Financial Partners, Inc."
"34","Zhone Technologies",""
"35","Ceragon",""
"36","Halydean Corporation",""
"37","Hasbro",""
"38","Qualstar","Qualstar Corporation"
"39","Berry Petroleum Company",""
"40","Morningstar, Inc.","Morningstar, Inc."
"41","FirstService",""
"42","Mattson Technology",""
"43","Sirius XM Satellite Radio",""
"44","Kohlberg & Company",""
"45","Altair Engineering",""
"46","Net Element","Net Element, Inc."
"47","Otelco","Otelco Inc."
"48","NBT Bank",""
"49","EchoStar",""
"50","Amdocs",""
"51","Radisys",""
"52","Lattice Semiconductor",""
"53","Microsoft","Microsoft Corporation"
"54","Discovery, Inc.",""
"55","Bombardier Recreational Products",""
"56","Equinix",""
"57","MFRI",""
"58","Nutrisystem",""
"59","Harmonic Inc.",""
"60","Fastenal",""
"61","Optical Cable Corporation","Optical Cable Corporation"
"62","Crocs",""
"63","Weyco Group",""
"64","First Guaranty Bank",""
"65","Enphase Energy",""
"66","Intercept Pharmaceuticals",""
"67","Pizza Inn",""
"68","Biogen",""
"69","Pluristem Therapeutics","Pluristem Therapeutics, Inc."
"70","Westport Innovations",""
"71","Fortinet",""
"72","ALCO Stores",""
"73","American Superconductor",""
"74","Sinclair Broadcast Group","Sinclair Broadcast Group, Inc."
"75","Booking Holdings",""
"76","Category:Costco",""
"77","Ku6 Media",""
"78","Caladrius Biosciences",""
"79","IAC (company)",""
"80","TechFaith",""
"81","China Housing and Land Development",""
"82","I.D. Systems",""
"83","Galapagos NV",""
"84","Pacific Biosciences","Pacific Biosciences of California, Inc."
"85","Auburn National Bancorporation",""
"86","VWR International",""
"87","Conn's",""
"88","BJ's Restaurants",""
"89","Momo (software)","Momo Inc."
"90","B.O.S. Better Online Solutions",""
"91","United Natural Foods",""
"92","China Sunergy",""
"93","Splunk","Splunk Inc."
"94","Infinera",""
"95","Entegris",""
"96","First Hawaiian Bank",""
"97","Vista Bank",""
"98","Category:Companies formerly listed on NASDAQ",""
"99","SkyWest, Inc.","SkyWest, Inc."
"100","Nova Measuring Instruments","Nova Measuring Instruments Ltd."
"101","Bilibili",""
"102","2U (company)",""
"103","Eyenovia",""
"104","BGC Partners",""
"105","Cypress Semiconductor",""
"106","Texas Roadhouse",""
"107","Denny's",""
"108","Meridian Bioscience","Meridian Bioscience Inc."
"109","Providence Service Corporation",""
"110","Sina Corp",""
"111","Cumulus Media",""
"112","Xilinx",""
"113","UMB Financial Corporation",""
"114","Old National Bank",""
"115","Trevena Inc",""
"116","Category:Tucows",""
"117","FLIR Systems",""
"118","Royal Gold","Royal Gold, Inc."
"119","EBay",""
"120","Energy Recovery",""
"121","The Cheesecake Factory",""
"122","N-Shares",""
"123","Ericsson",""
"124","Acorda Therapeutics",""
"125","Iridium Communications",""
"126","Natera","Natera, Inc."
"127","First Interstate BancSystem",""
"128","Sleep Number","Sleep Number Corporation"
"129","ADTRAN",""
"130","Eldorado Resorts",""
"131","International Speedway",""
"132","Verisign",""
"133","Allscripts",""
"134","Beasley Broadcast Group",""
"135","ImmunoGen",""
"136","Kona Grill",""
"137","Nutanix","Nutanix, Inc."
"138","U.S. Concrete, Inc",""
"139","Avis Budget Group",""
"140","Daegis Inc.",""
"141","Electronic Arts",""
"142","Ambassadors Group",""
"143","Empire Resorts",""
"144","Advanced Energy",""
"145","Ambit Biosciences",""
"146","Catalyst Pharmaceuticals",""
"147","Wilhelmina Models",""
"148","LogMeIn",""
"149","Zions Bancorporation",""
"150","Blue Hills Bank",""
"151","HomeStreet Bank",""
"152","Qurate Retail Group",""
"153","Sanmina Corporation","Sanmina Corporation"
"154","ADP (company)",""
"155","Interface, Inc.",""
"156","Perion Network","Perion Network Ltd"
"157","Blucora",""
"158","Virtusa",""
"159","Masimo","Masimo Corporation"
"160","Maxim Integrated","Maxim Integrated Products, Inc."
"161","Inovalon",""
"162","Value Line",""
"163","Cinedigm",""
"164","Northwest Bank",""
"165","Brightcove",""
"166","Skyworks Solutions","Skyworks Solutions, Inc."
"167","SPS Commerce","SPS Commerce, Inc."
"168","TrustCo Bank",""
"169","Zagg",""
"170","CSX Corporation",""
"171","NXP Semiconductors","NXP Semiconductors N.V."
"172","Orbotech",""
"173","Bioverativ",""
"174","Pluralsight","Pluralsight, Inc."
"175","CollabRx",""
"176","Tesla, Inc.",""
"177","Fossil Group",""
"178","RGC Resources","RGC Resources Inc."
"179","Criteo",""
"180","RF Micro Devices",""
"181","Cornerstone OnDemand",""
"182","Emmis Communications",""
"183","WSFS Bank",""
"184","Metro City Bank",""
"185","Sandy Spring Bank",""
"186","T. Rowe Price","T. Rowe Price Group, Inc."
"187","Endurance International Group",""
"188","Henry Schein",""
"189","FBR Capital Markets",""
"190","Nasdaq, Inc.","Nasdaq, Inc."
"191","Photronics Inc","Photronics, Inc."
"192","Fairway Market",""
"193","Cree Inc.",""
"194","NuVasive","NuVasive, Inc."
"195","Blackline (software company)",""
"196","Rubicon Technology","Rubicon Technology, Inc."
"197","R1 RCM","R1 RCM Inc."
"198","Koss Corporation",""
"199","Texas Instruments",""
"200","Applied Micro Circuits Corporation",""
"201","Intuitive Surgical",""
"202","Pegasystems","Pegasystems Inc."
"203","Ituran",""
"204","Silicon Labs",""
"205","Northwest Biotherapeutics",""
"206","Active Power",""
"207","Allegiant Air",""
"208","MDC Partners","MDC Partners Inc."
"209","China Biologic Products",""
"210","Netlist (company)",""
"211","Encore Capital Group",""
"212","Così (restaurant)",""
"213","American National Insurance Company",""
"214","Health Insurance Innovations",""
"215","PMC-Sierra",""
"216","Texas Capital Bank",""
"217","Innospec",""
"218","Mastech Digital",""
"219","WD-40 Company",""
"220","First Citizens BancShares",""
"221","LRAD Corporation",""
"222","Dynamic Materials Corporation",""
"223","Altra Industrial Motion",""
"224","Key Tronic",""
"225","The Wendy's Company",""
"226","Viasat, Inc.",""
"227","International Bank of Commerce",""
"228","Papa Murphy's",""
"229","Descartes Systems Group",""
"230","Category:Companies in the NASDAQ Financial-100 Index",""
"231","Alkermes (company)",""
"232","El Pollo Loco",""
"233","CorVel Corporation",""
"234","InterDigital",""
"235","Navient Corporation","Navient Corporation"
"236","Simulations Plus","Simulations Plus, Inc."
"237","CDW",""
"238","Pacific City Bank",""
"239","OPKO Health","Opko Health, Inc."
"240","Kingstone Companies",""
"241","Digi International",""
"242","Enzon Pharmaceuticals",""
"243","Calavo Growers",""
"244","HomeTrust Bancshares",""
"245","Siliconware Precision Industries",""
"246","Smart Balance",""
"247","Brighthouse Financial",""
"248","Clean Diesel Technologies",""
"249","Farmer Brothers",""
"250","SIGA Technologies","SIGA Technologies Inc."
"251","BioCryst Pharmaceuticals",""
"252","Gilat Satellite Networks",""
"253","ACI Worldwide",""
"254","Mattel","Mattel, Inc."
"255","Tilray",""
"256","ILG, Inc.",""
"257","Alarm.com",""
"258","CME Group",""
"259","Qutoutiao","Qutoutiao Inc."
"260","The Carlyle Group",""
"261","MercadoLibre","MercadoLibre, Inc."
"262","Sierra Wireless","Sierra Wireless, Inc."
"263","Education Management Corporation",""
"264","Acorn Energy",""
"265","Cytosorbents Corporation",""
"266","IberiaBank",""
"267","Cimatron",""
"268","Citrix Systems",""
"269","The9",""
"270","SMTC Corporation","SMTC Corporation"
"271","Willamette Valley Vineyards",""
"272","Gogo Inflight Internet",""
"273","Category:Viacom",""
"274","First Financial Bank (Ohio)",""
"275","J.W. Mays",""
"276","Schnitzer Steel Industries","Schnitzer Steel Industries, Inc."
"277","Applied Materials",""
"278","Great Lakes Dredge and Dock Company",""
"279","Exa Corporation",""
"280","Dish Network",""
"281","Impinj",""
"282","Funko",""
"283","Partner Communications Company","Partner Communications Company Ltd."
"284","American Woodmark",""
"285","Immunomedics",""
"286","Commercial Vehicle Group",""
"287","Rockwell Medical","Rockwell Medical, Inc."
"288","Avadel Pharmaceuticals",""
"289","Sterling Bank (Texas)",""
"290","Avid Technology",""
"291","ManTech International","ManTech International Corporation"
"292","WesBanco",""
"293","Sonos","Sonos, Inc."
"294","TeleNav",""
"295","Adverum Biotechnologies",""
"296","Cellectis",""
"297","Stericycle","Stericycle, Inc."
"298","Dollar Tree",""
"299","Category:Comcast",""
"300","Odyssey Marine Exploration","Odyssey Marine Exploration, Inc."
"301","First Solar",""
"302","Sykes Enterprises","Sykes Enterprises, Incorporated"
"303","Dropbox (service)",""
"304","Golden Ocean Group",""
"305","Ultralife Corporation",""
"306","Itron",""
"307","Bravo Brio Restaurant Group",""
"308","Endo International plc",""
"309","NetScout Systems","NetScout Systems, Inc."
"310","Extreme Networks",""
"311","EverQuote",""
"312","PepsiCo","Pepsico, Inc."
"313","Synaptics","Synaptics Incorporated"
"314","RADA Electronic Industries","RADA Electronic Industries Ltd."
"315","Amarin Corporation",""
"316","Synopsys","Synopsys, Inc."
"317","Amazon (company)",""
"318","Aware, Inc.",""
"319","Editas Medicine",""
"320","MannKind Corporation","MannKind Corporation"
"321","Wix.com",""
"322","Jack in the Box",""
"323","LegacyTexas Bank",""
"324","MWI Veterinary Supply",""
"325","Arcturus Therapeutics",""
"326","Expeditors International",""
"327","OpenText",""
"328","Coherent, Inc.",""
"329","Moderna","Moderna, Inc."
"330","Sigma Designs",""
"331","FuelCell Energy",""
"332","Exelixis",""
"333","Urban Outfitters",""
"334","Westamerica Bank",""
"335","Hancock Whitney",""
"336","GreenSky",""
"337","Core-Mark",""
"338","Banc of California",""
"339","Innodata",""
"340","Pattern Energy","Pattern Energy Group Inc."
"341","RTI Surgical","RTI Surgical Holdings, Inc."
"342","Arotech Corporation",""
"343","Caesarstone",""
"344","Stein Mart","Stein Mart, Inc."
"345","Ceva (semiconductor company)",""
"346","Lincoln Electric",""
"347","Advaxis",""
"348","Edgewater Technology",""
"349","Trimble (company)",""
"350","Global Sources",""
"351","Bsquare corporation",""
"352","B Communications",""
"353","Orexigen Therapeutics",""
"354","Orthopediatrics","OrthoPediatrics Corp."
"355","Nordson Corporation","Nordson Corporation"
"356","Euronet Worldwide",""
"357","Echelon Corporation",""
"358","EXFO",""
"359","Tellurian Inc",""
"360","Travelzoo",""
"361","Wingstop",""
"362","Amkor Technology",""
"363","Align Technology",""
"364","EXL Service",""
"365","Famous Dave's",""
"366","Kornit Digital",""
"367","AmeriServ Financial",""
"368","Facebook",""
"369","Dave & Buster's",""
"370","Cincinnati Financial",""
"371","El Pollo Loco (United States)",""
"372","EPlus",""
"373","Monroe Bank & Trust",""
"374","Century Casinos",""
"375","VEON",""
"376","The York Water Company",""
"377","TTEC",""
"378","United Financial Bancorp",""
"379","Silicom","Silicom Ltd"
"380","Broadvision",""
"381","Ultratech",""
"382","Affymetrix",""
"383","Rosetta Genomics",""
"384","TechTarget",""
"385","Principal Financial Group","Principal Financial Group Inc"
"386","Haynes International",""
"387","First Merchants Corporation",""
"388","Luminex Corporation",""
"389","Internap",""
"390","Upwork",""
"391","Vivus",""
"392","Extended Stay America",""
"393","Home Shopping Network",""
"394","Nektar Therapeutics","Nektar Therapeutics"
"395","Colliers International",""
"396","Silgan Holdings","Silgan Holdings Inc."
"397","Vera Bradley",""
"398","Western Digital",""
"399","Axon (company)",""
"400","Kraft Heinz",""
"401","Daseke Inc.",""
"402","Yandex",""
"403","YRC Worldwide",""
"404","Materialise NV","Materialise NV"
"405","Spectrum Pharmaceuticals","Spectrum Pharmaceuticals, Inc."
"406","FireEye",""
"407","CBB Bank",""
"408","Bebe Stores",""
"409","AMC Networks",""
"410","Antenna Products Corporation",""
"411","DocuSign",""
"412","Sabre Corporation","Sabre Corporation"
"413","Aixtron",""
"414","Compugen (Israeli company)",""
"415","Quidel Corporation","Quidel Corporation"
"416","Tucows",""
"417","ChinaCache",""
"418","Real Goods Solar",""
"419","Blackhawk Network Holdings",""
"420","Imperva",""
"421","NIC Inc.","NIC Inc."
"422","Independent Bank (Michigan)",""
"423","UTStarcom",""
"424","Intersect ENT",""
"425","Catabasis Pharmaceuticals",""
"426","CECO Environmental",""
"427","Everspin Technologies",""
"428","Nexstar Media Group","Nexstar Media Group, Inc."
"429","Xcel Energy",""
"430","First Internet Bancorp",""
"431","ReWalk","ReWalk Robotics Ltd."
"432","Vicor Corporation",""
"433","Groupon",""
"434","Busey Bank",""
"435","IQiyi",""
"436","Clean Edge Green Energy",""
"437","Westell",""
"438","Ceres, Inc.",""
"439","The Eastern Company",""
"440","Cirrus Logic",""
"441","Analog Devices",""
"442","Dexcom",""
"443","Luna Innovations",""
"444","GTx Incorporated",""
"445","Titan Pharmaceuticals",""
"446","SpartanNash","SpartanNash Company"
"447","Gravity (company)",""
"448","Qumu Corporation","Qumu Corporation"
"449","Vuzix",""
"450","NICE Ltd.","NICE Ltd"
"451","Actuate Corporation",""
"452","Grupo Financiero Galicia",""
"453","Daily Journal Corporation",""
"454","Reliant Bancorp","Reliant Bancorp, Inc."
"455","Central European Media Enterprises",""
"456","GW Pharmaceuticals",""
"457","Trivago",""
"458","Reata Pharmaceuticals","Reata Pharmaceuticals, Inc."
"459","Fidelity Southern Corporation",""
"460","MainSource Bank",""
"461","Comcast",""
"462","Brooks Automation",""
"463","Commercial National Financial",""
"464","Dentsply Sirona",""
"465","IRobot",""
"466","Actions Semiconductor",""
"467","SEI Investments Company","SEI Investments Company"
"468","Turtle Beach Corporation",""
"469","Ansys",""
"470","O'Reilly Auto Parts",""
"471","Everbridge",""
"472","Hawaiian Holdings",""
"473","Coca-Cola Bottling Co. Consolidated",""
"474","NetEase","NetEase, Inc."
"475","Mavenir",""
"476","TAT Technologies","TAT Technologies Ltd."
"477","Washington Federal",""
"478","Copart",""
"479","T-Mobile US",""
"480","Farmington Bank",""
"481","Liberty Tax Service",""
"482","Repligen","Repligen Corporation"
"483","Galena Biopharma",""
"484","Ruth's Hospitality Group",""
"485","Lululemon Athletica",""
"486","National Instruments","National Instruments Corporation"
"487","Formula Systems",""
"488","NantHealth","NantHealth, Inc."
"489","PC Connection","PC Connection, Inc."
"490","Alliance MMA",""
"491","Viavi Solutions",""
"492","ReachLocal",""
"493","Vertex Pharmaceuticals",""
"494","Abengoa",""
"495","Computer Task Group",""
"496","Green Bank (Texas)",""
"497","Scientific Games Corporation","Scientific Games Corp"
"498","Destination Maternity",""
"499","Sterling Bancorp","Sterling Bancorp, Inc."
"500","PotlatchDeltic","PotlatchDeltic Corporation"
"501","Grand Canyon Education",""
"502","Chuy's",""
"503","JetBlue",""
"504","Cognizant",""
"505","Andatee China Marine Fuel",""
"506","Home BancShares",""
"507","Lexicon Pharmaceuticals",""
"508","América Móvil",""
"509","The Children's Place",""
"510","West Marine",""
"511","Mellanox Technologies","Mellanox Technologies, Ltd."
"512","Electronics for Imaging",""
"513","Pixelworks","Pixelworks, Inc."
"514","Urban One",""
"515","LoveSac",""
"516","Acura Pharmaceuticals",""
"517","DavidsTea",""
"518","SSR Mining Inc.","SSR Mining Inc."
"519","Zix Corp",""
"520","Hologic",""
"521","Regeneron","Regeneron Pharmaceuticals, Inc."
"522","Tuesday Morning",""
"523","Mackinac Financial Corporation","Mackinac Financial Corporation"
"524","Category:Scholastic Corporation",""
"525","Costco",""
"526","Steel Dynamics","Steel Dynamics, Inc."
"527","Take-Two Interactive","Take-Two Interactive Software, Inc."
"528","Camden National Bank",""
"529","Electra Meccanica",""
"530","Medpace","Medpace Holdings, Inc."
"531","Bruker",""
"532","ON Semiconductor","ON Semiconductor Corporation"
"533","RealNetworks","RealNetworks, Inc."
"534","Walgreens Boots Alliance",""
"535","DSP Group",""
"536","Check Point",""
"537","Nature's Sunshine Products",""
"538","Canterbury Park",""
"539","Park City Group","Park City Group, Inc."
"540","Icahn Enterprises",""
"541","West Corporation",""
"542","BankFinancial FSB",""
"543","Office Depot","Office Depot, Inc."
"544","ClearSign Combustion",""
"545","The Meet Group",""
"546","Career Education Corporation",""
"547","Viacom",""
"548","Vodafone",""
"549","Radware","Radware Ltd."
"550","Alphabet Inc.",""
"551","Ameris Bancorp",""
"552","Flex (company)",""
"553","Noodles & Company","Noodles & Company"
"554","Zynga",""
"555","The Pantry",""
"556","Remark Media",""
"557","Tower Semiconductor",""
"558","Bank of Hope",""
"559","Pepper Lunch",""
"560","SolarEdge","SolarEdge Technologies, Inc."
"561","SunPower","SunPower Corporation"
"562","Code Rebel",""
"563","Sequenom",""
"564","CHS Inc.",""
"565","Pacific Mercantile Bancorp","Pacific Mercantile Bancorp"
"566","J & J Snack Foods",""
"567","G&K Services",""
"568","Middleby Corporation",""
"569","South State Bank",""
"570","Etsy",""
"571","Verisk Analytics",""
"572","Stewart Enterprises",""
"573","Peak Resorts","Peak Resorts, Inc."
"574","Mattersight Corporation",""
"575","E-Trade",""
"576","Roku, Inc.","Roku, Inc."
"577","Hanmi Bank",""
"578","Canadian Solar",""
"579","Banner Bank",""
"580","GlobeImmune",""
"581","OncoMed",""
"582","Bassett Furniture",""
"583","Kimball International",""
"584","Medivation",""
"585","Changyou.com",""
"586","Trans World Entertainment",""
"587","Ctrip",""
"588","1st Constitution Bancorp",""
"589","Mobile Mini","Mobile Mini, Inc."
"590","Lyft","Lyft, Inc."
"591","MicroStrategy","MicroStrategy Incorporated"
"592","Commerce Bancshares",""
"593","Ascena Retail Group",""
"594","Rent-A-Center","Rent-A-Center Inc."
"595","Seagate Technology","Seagate Technology PLC"
"596","SurveyMonkey",""
"597","Winmark",""
"598","Verint Systems",""
"599","Bio-Techne",""
"600","Allied Motion Technologies",""
"601","Progress Software","Progress Software Corporation"
"602","Elbit Systems",""
"603","Royal Business Bank",""
"604","Sarepta Therapeutics","Sarepta Therapeutics, Inc."
"605","Carbonite (online backup)",""
"606","Nathan's Famous",""
"607","BiondVax",""
"608","Allot",""
"609","Magyar Bank",""
"610","Zebra Technologies",""
"611","Capstone Turbine",""
"612","Intel",""
"613","Marvell Technology Group","Marvell Technology Group Ltd."
"614","Marriott International","Marriott International"
"615","Chemical Financial Corporation",""
"616","VCA Animal Hospitals",""
"617","Category:Companies in the NASDAQ-100 Index",""
"618","UFP Technologies",""
"619","ASML Holding",""
"620","Mazor Robotics",""
"621","IPG Photonics",""
"622","EarthLink",""
"623","Healthways",""
"624","Athenahealth",""
"625","National CineMedia","National CineMedia, Inc."
"626","Sallie Mae",""
"627","Caesars Entertainment Corporation",""
"628","Pinduoduo","Pinduoduo Inc."
"629","Patriot Transportation","Patriot Transportation Holding, Inc."
"630","Diodes Incorporated",""
"631","First Community Bancshares",""
"632","Huazhu Hotels Group",""
"633","Liberty Media",""
"634","Open Bank",""
"635","Paylocity Corporation","Paylocity Holding Corporation"
"636","The Stars Group",""
"637","Quarterhill","Quarterhill Inc."
"638","Internet Gold Golden Lines",""
"639","TravelCenters of America",""
"640","Charter Communications",""
"641","RAD Group",""
"642","PRA Health Sciences","PRA Health Sciences, Inc."
"643","Jack Henry & Associates",""
"644","Freshpet",""
"645","Incyte",""
"646","YogaWorks",""
"647","Charles & Colvard",""
"648","PAREXEL",""
"649","Helen of Troy Limited",""
"650","Polybona Films",""
"651","Microchip Technology","Microchip Technology Incorporated"
"652","Carver Bancorp",""
"653","Mondelez International","Mondelez International, Inc."
"654","Raven Industries","Raven Industries, Inc."
"655","Willis Towers Watson",""
"656","Silicon Motion","Silicon Motion Technology Corporation"
"657","Tesaro",""
"658","Beacon Roofing Supply",""
"659","Willdan Group",""
"660","Agilysys",""
"661","Powell Industries","Powell Industries, Inc."
"662","Cogentix Medical",""
"663","SS&C Technologies","SS&C Technologies Holdings, Inc."
"664","Genset Corporation",""
"665","EZCorp",""
"666","Axovant Sciences",""
"667","AMAG Pharmaceuticals",""
"668","Monotype Imaging","Monotype Imaging Holdings Inc."
"669","Foundation Medicine",""
"670","AAON",""
"671","AutoWeb",""
"672","Cascade Bancorp",""
"673","News Corp (2013–present)",""
"674","Cogent Communications",""
"675","First Federal Bank of the Midwest",""
"676","First Bancorp",""
"677","Mesa Air Group","Mesa Air Group, Inc."
"678","Organovo","Organovo Holdings, Inc."
"679","Wynn Resorts",""
"680","Perficient","Perficient, Inc."
"681","National Beverage","National Beverage Corp."
"682","Fulton Financial Corporation",""
"683","United Continental Holdings",""
"684","Autodesk",""
"685","United Security Bancshares",""
"686","Lamar Advertising Company",""
"687","Monster Beverage","Monster Beverage Corporation"
"688","GigaMedia Limited",""
"689","Town Sports International Holdings",""
"690","Argo Group",""
"691","Air Methods",""
"692","Syntroleum",""
"693","NetApp","NetApp, Inc."
"694","National Research Corporation","National Research Corporation"
"695","Goodyear Tire and Rubber Company",""
"696","Five Below",""
"697","Angie's List",""
"698","Olympic Steel","Olympic Steel, Inc."
"699","Abiomed",""
"700","Paychex","Paychex, Inc."
"701","Overstock.com","Overstock.com, Inc."
"702","CarGurus",""
"703","The Fresh Market",""
"704","Netgear","NETGEAR, Inc."
"705","Alexion Pharmaceuticals",""
"706","Redfin","Redfin Corporation"
"707","United Community Bank",""
"708","Amicus Therapeutics",""
"709","Cytel",""
"710","Twin Disc",""
"711","CytRx",""
"712","Ballard Power Systems",""
"713","Axcelis Technologies",""
"714","Patterson Companies","Patterson Companies, Inc."
"715","Pernix Therapeutics Holdings",""
"716","PriceSmart","PriceSmart, Inc."
"717","Ross Stores","Ross Stores, Inc."
"718","Carbon Black (company)",""
"719","Liberty Global",""
"720","Natural Alternatives International","Natural Alternatives International, Inc."
"721","Stitch Fix","Stitch Fix, Inc."
"722","Titan Machinery",""
"723","Capitol Federal Savings Bank",""
"724","EagleBank",""
"725","AppFolio",""
"726","OraSure Technologies","OraSure Technologies, Inc."
"727","Guaranty Federal Bancshares",""
"728","TrueCar",""
"729","China Ceramics Co",""
"730","Voxx International",""
"731","Tech Data",""
"732","8x8",""
"733","Akorn",""
"734","Netflix","Netflix, Inc."
"735","D2h",""
"736","Agios Pharmaceuticals",""
"737","Del Frisco's Restaurant Group",""
"738","LPL Financial",""
"739","First Midwest Bancorp",""
"740","Amyris (company)",""
"741","Sapiens International Corporation","Sapiens International Corporation N.V."
"742","TiVo Corporation",""
"743","Applied Genetic Technologies Corporation",""
"744","Bed Bath & Beyond",""
"745","Psychemedics Corporation","Psychemedics Corporation"
"746","Proofpoint, Inc.","Proofpoint, Inc."
"747","Simmons Bank",""
"748","Red Robin","Red Robin Gourmet Burgers, Inc."
"749","Umpqua Holdings Corporation",""
"750","Datawatch Corporation",""
"751","Frontier Communications",""
"752","Mannatech","Mannatech, Incorporated"
"753","Virgin America",""
"754","PCM, Inc.","PCM, Inc."
"755","Scholastic Corporation","Scholastic Corporation"
"756","GoPro",""
"757","Cowen Inc.",""
"758","Fluidigm",""
"759","Otter Tail Corporation","Otter Tail Corporation"
"760","Esperion Therapeutics",""
"761","Ulta Beauty",""
"762","Cimpress",""
"763","IPC Healthcare",""
"764","Oramed","Oramed Pharmaceuticals Inc."
"765","Essendant",""
"766","Vericel",""
"767","GSE Systems",""
"768","BOK Financial Corporation",""
"769","Diamondback Energy",""
"770","Qorvo","Qorvo, Inc."
"771","PayPal","PayPal Holdings, Inc."
"772","Napco Security Technologies","NAPCO Security Technologies, Inc."
"773","Gilead Sciences",""
"774","ScanSource","ScanSource, Inc."
"775","Mitcham Industries","Mitcham Industries, Inc."
"776","Tetra Tech",""
"777","Charm Communications",""
"778","Finisar",""
"779","Methanex","Methanex Corporation"
"780","Baidu",""
"781","Fogo de Chão",""
"782","FNB United Corp.",""
"783","Elbit Imaging",""
"784","Black Stone Minerals",""
"785","Activision Blizzard",""
"786","Cintas",""
"787","MetaBank",""
"788","Rediff.com",""
"789","American Airlines Group",""
"790","Penn National Gaming","Penn National Gaming, Inc."
"791","Covenant Transport",""
"792","SunOpta","SunOpta, Inc."
"793","PCSB Bank",""
"794","Amedisys Home Health and Hospice Care",""
"795","Sohu","Sohu.com Limited "
"796","Acacia Research",""
"797","Hostess Brands",""
"798","PAM Transport",""
"799","Onvia",""
"800","Apple Inc.",""
"801","Golden Entertainment",""
"802","Alico (company)",""
"803","AudioCodes",""
"804","Alnylam Pharmaceuticals",""
"805","Citi Trends",""
"806","SimCorp",""
"807","Learning Tree International",""
"808","Amgen",""
"809","Craft Brew Alliance",""
"810","Strayer University",""
"811","Voltari",""
"812","Grand Canyon University",""
"813","Immersion Corporation",""
"814","Landstar System",""
"815","Casella Waste Systems",""
"816","Endocyte",""
"817","Exact Sciences (company)",""
"818","Cal-Maine",""
"819","Littelfuse",""
"820","Agenus",""
"821","Corcept Therapeutics",""
"822","Gaming and Leisure Properties",""
"823","Uranium Resources",""
"824","Codexis",""
"825","Columbia Sportswear",""
"826","Comscore",""
"827","Hickory Tech",""
"828","Kelso & Company",""
"829","Bank of Greene County",""
"830","National Western Life","National Western Life Group, Inc."
"831","Acceleron Pharma",""
"832","Michaels",""
"833","Alimera Sciences",""
"834","AutoNavi",""
"835","C. H. Robinson",""
"836","Erie Insurance Group",""
"837","Full House Resorts",""
"838","Helios and Matheson Analytics",""
"839","LivaNova",""
"840","Credit Acceptance",""
"841","Monro Muffler Brake",""
"842","PetMed Express","PetMed Express, Inc."
"843","Grifols",""
"844","Grupo Aeroportuario Centro Norte",""
"845","Tandem Diabetes Care","Tandem Diabetes Care, Inc."
"846","Cherokee Inc.",""
"847","HMS Holdings",""
"848","PDF Solutions","PDF Solutions, Inc."
"849","FreightCar America",""
"850","United Therapeutics",""
"851","ICAD Inc.",""
"852","Fiserv",""
"853","Cognex Corporation",""
"854","Ironwood Pharmaceuticals",""
"855","RR Media",""
"856","West Coast Bancorp",""
"857","Cepheid Inc",""
"858","China Recycling Energy Corporation",""
"859","Brookfield Property Partners",""
"860","Cisco Systems",""
"861","CoStar Group",""
"862","MoneyGram","Moneygram International, Inc."
"863","Valley Bank",""
"864","Boingo Wireless",""
"865","Horizon Pharma",""
"866","Casey's General Stores",""
"867","Cathay Bank",""
"868","Lakeland Industries",""
"869","Loral Space & Communications",""
"870","Support.com","support.com, Inc."
"871","MTS Systems Corporation","MTS Systems Corporation"
"872","Juniper Networks",""
"873","Collectors Universe",""
"874","Exponent (consulting firm)",""
"875","Data I/O",""
"876","Osiris Therapeutics",""
"877","East Boston Savings Bank",""
"878","Fifth Third Bank",""
"879","Paccar","PACCAR Inc."
"880","XG Technology",""
"881","Idexx Laboratories",""
"882","Saia","Saia, Inc."
"883","Category:The Stars Group",""
"884","Workday, Inc.",""
"885","PagSeguro",""
"886","Internet Initiative Japan",""
"887","Blackbaud",""
"888","Intuit",""
"889","Depomed",""
"890","Nuance Communications","Nuance Communications, Inc."
"891","Symantec","Symantec Corporation"
"892","Regency Centers","Regency Centers Corporation"
"893","Live Oak Bank",""
"894","Gentex",""
"895","Orion Energy Systems","Orion Energy Systems, Inc."
"896","Adobe Inc.",""
"897","Bloomin' Brands",""
"898","Black Box Corporation",""
"899","Lam Research",""
"900","Starbucks","Starbucks Corporation"
"901","Coupa",""
"902","Luckin Coffee",""
"903","Category:Caesars Entertainment Corporation",""
"904","Silicon Image",""
"905","The Advisory Board Company",""
"906","Neogen","Neogen Corporation"
"907","HKTV",""
"908","Cray",""
"909","Isramco",""
"910","Rocky Brands","Rocky Brands, Inc."
"911","Community West Bancshares",""
"912","China Automotive Systems",""
"913","ICU Medical",""
"914","Altaba",""
"915","Investors Bank",""
"916","Patriot National Bancorp","Patriot National Bancorp Inc."
"917","WisdomTree Investments",""
"918","Celgene",""
"919","Veeco",""
"920","Strategic Education, Inc.","Strategic Education, Inc."
"921","GCI (company)",""
"922","Category:DHX Media",""
"923","CommScope",""
"924","Golden Flake",""
"925","Cerner",""
"926","Black Diamond Equipment",""
"927","NASDAQ-100",""
"928","1-800-Flowers",""
"929","Illumina, Inc.",""
"930","Domo (company)",""
"931","Fifth Street Asset Management",""
"932","ICF International",""
"933","Genomic Health",""
"934","InfoSonics Corporation",""
"935","Pacific Premier Bancorp","Pacific Premier Bancorp Inc"
"936","Tandy Leather Factory","Tandy Leather Factory, Inc."
"937","NextGen Healthcare Information Systems",""
"938","Zumiez",""
"939","Herman Miller (manufacturer)",""
"940","Beyond Meat",""
"941","1st Source",""
"942","East West Bancorp",""
"943","Micron Technology","Micron Technology, Inc."
"944","Qualcomm","QUALCOMM Incorporated"
"945","Woodward, Inc.",""
"946","BluePhoenix Solutions",""
"947","Category:PepsiCo",""
"948","Home Inn",""
"949","USA Technologies",""
"950","Atlantic Tele-Network",""
"951","AeroVironment",""
"952","Sprouts Farmers Market","Sprouts Farmers Market, Inc."
"953","Mylan","Mylan N.V."
"954","Daktronics",""
"955","Discovery Laboratories",""
"956","Rick's Cabaret",""
"957","EGain",""
"958","MakeMyTrip","MakeMyTrip Limited"
"959","Aegion",""
"960","CyrusOne",""
"961","SBA Communications","SBA Communications Corporation"
"962","Sevcon",""
"963","WPCS International",""
"964","Digimarc",""
"965","Publicis Sapient",""
"966","Varonis Systems",""
"967","Big 5 Sporting Goods",""
"968","Zillow",""
"969","J. B. Hunt",""
"970","First Financial Bank",""
"971","Blue Bird Corporation",""
"972","Broadcom Inc.",""
"973","Churchill Downs Incorporated",""
"974","Ubiquiti Networks",""
"975","Hibbett Sports",""
"976","DryShips",""
"977","Flexion Therapeutics",""
"978","VocalTec",""
"979","MidWestOne Financial Group","MidWestOne Financial Group, Inc."
"980","Franklin Electric",""
"981","The Habit Burger Grill",""
"982","IPass (company)",""
"983","Vringo",""
"984","180 Degree Capital",""
"985","Fox Corporation",""
"986","Virtus Investment Partners",""
"987","Bank OZK",""
"988","Tribune Publishing",""
"989","Cleveland BioLabs",""
"990","VSE Corporation",""
"991","IHS Markit",""
"992","Popular, Inc.","Popular, Inc."
"993","The Andersons",""
"994","Sunrun","Sunrun Inc."
"995","Category:Facebook",""
"996","TheStreet.com",""
"997","Houston Wire & Cable",""
"998","Yield10 Bioscience",""
"999","Alliance Fiber Optic Products",""
"1000","Rocky Mountain Chocolate Factory","Rocky Mountain Chocolate Factory, Inc."
"1001","Euroseas",""
"1002","Kaiser Aluminum",""
"1003","SeaChange International","SeaChange International, Inc."
"1004","Semtech","Semtech Corporation"
"1005","Atlas Air",""
"1006","Calumet Specialty Products Partners",""
"1007","Dataram",""
"1008","Pilgrim's Pride",""
"1009","Cadence Design Systems",""
"1010","CYREN",""
"1011","CombiMatrix",""
"1012","F5 Networks",""
"1013","IGATE",""
"1014","Xperi",""
"1015","Cracker Barrel",""
"1016","Silicon Valley Bank",""
"1017","Synageva",""
"1018","Cnova",""
"1019","Virtu Financial",""
"1020","Destination XL Group",""
"1021","Iteris",""
"1022","Cambium Learning Group",""
"1023","Q-Cells",""
"1024","Patterson-UTI","Patterson-UTI Energy, Inc."
"1025","KLA-Tencor",""
"1026","Ollie's Bargain Outlet",""
"1027","Smith & Wesson",""
"1028","Bandwidth (company)",""
"1029","Zscaler",""
"1030","Huntington Bancshares",""
"1031","TD Ameritrade","TD Ameritrade Holding Corporation"
"1032","CyberArk",""
"1033","PTC (software company)","PTC Inc."
"1034","Wintrust Financial",""
"1035","Portola Pharmaceuticals","Portola Pharmaceuticals, Inc."
"1036","Ascent Capital Group",""
